Broken Target,Inbound Broken Refs
https://www.atlascopco.com/en-us/compressors,451
https://www.atlascopco.com/en-us/compressors/service,442
https://www.atlascopco.com/en-us/compressors/quality-air-landing-page,440
https://www.atlascopco.com/en-us/compressors/resources,440
https://www.atlascopco.com/en-us/compressors/products/industrial-water-cooling-systems/industrial-water-chillers,440
https://www.atlascopco.com/en-us/compressors/products/compressed-air-ancillaries/air-receivers,440
https://www.atlascopco.com/en-us/compressors/products,440
https://www.atlascopco.com/en-us/compressors/products/compressed-air-ancillaries,440
https://www.atlascopco.com/en-us/compressors/industry-solutions/pharmaceuticals/pharmaceutical-air-compressor,440
https://www.atlascopco.com/en-us/compressors/industry-solutions/pneumatic-conveying,440
https://www.atlascopco.com/en-us/compressors/industry-solutions/packaging,440
https://www.atlascopco.com/en-us/compressors/industry-solutions/glass-industry,440
https://www.atlascopco.com/en-us/compressors/industry-solutions/chemicalpetrochemical,440
https://www.atlascopco.com/en-us/compressors/industry-solutions/automotive,440
https://www.atlascopco.com/en-us/compressors/greenproduction,440
https://www.atlascopco.com/en-us/compressors/general/we-do-more,440
https://www.atlascopco.com/en-us/compressors/industry-solutions/biogas-production,440
https://www.atlascopco.com/en-us/compressors/general/financing,440
https://www.atlascopco.com/en-us/compressors/industry-solutions/aquaculture,440
https://www.atlascopco.com/en-us/compressors/air-blowers-landing,440
https://www.atlascopco.com/en-us/compressors/general/build-your-equipment,440
https://www.atlascopco.com/en-us/compressors/doe-standards,440
https://www.atlascopco.com/en-us/compressors/general/engineering-compressor-specification-sheets,440
https://www.atlascopco.com/en-us/compressors/technical-partners,440
https://www.atlascopco.com/en-us/compressors/air-compressor-blog,440
https://www.atlascopco.com/en-us/compressors/industry-solutions,440
https://www.atlascopco.com/en-us/compressors/industry-solutions/cement,440
https://www.atlascopco.com/en-us/compressors/industry-solutions/carbon-capture-solutions,440
https://www.atlascopco.com/en-us/compressors/industry-solutions/bus-applications,440
https://www.atlascopco.com/en-us/compressors/industry-solutions/brewery/air-compressor,440
https://www.atlascopco.com/en-us/compressors/industry-solutions/mining,440
https://www.atlascopco.com/en-us/compressors/industry-solutions/hydrogen-mobility,440
https://www.atlascopco.com/en-us/compressors/industry-solutions/marineus,440
https://www.atlascopco.com/en-us/compressors/industry-solutions/heavy-duty-vehicles-application,440
https://www.atlascopco.com/en-us/compressors/industry-solutions/food-beverage,440
https://www.atlascopco.com/en-us/compressors/industry-solutions/fertilizer,440
https://www.atlascopco.com/en-us/compressors/industry-solutions/electric-car-battery-production,440
https://www.atlascopco.com/en-us/compressors/industry-solutions/cng-compressednaturalgas,440
https://www.atlascopco.com/en-us/compressors/industry-solutions/renewables-energyrecovery,440
https://www.atlascopco.com/en-us/compressors/industry-solutions/semiconductor,440
https://www.atlascopco.com/en-us/compressors/cagi-data-sheets,440
https://www.atlascopco.com/en-us/compressors/atlas-copco-compressors-in-the-usa,440
https://www.atlascopco.com/en-us/compressors/oil-free-air-compressors-landing,440
https://www.atlascopco.com/en-us/compressors/industry-solutions/pet-blowing-air-compressor,440
https://www.atlascopco.com/en-us/compressors/customerbenefit/mobility-solutions,440
https://www.atlascopco.com/en-us/compressors/industry-solutions/oil-gas,440
https://www.atlascopco.com/en-us/compressors/industry-solutions/wastewater-treatment,440
https://www.atlascopco.com/en-us/compressors/industry-solutions/wine-solutions,440
https://www.atlascopco.com/en-us/compressors/locate-us,440
https://www.atlascopco.com/en-us/compressors/new-compressed-air-and-gas-campaigns,440
https://www.atlascopco.com/en-us/compressors/industry-solutions/powergeneration,440
https://www.atlascopco.com/en-us/compressors/new-products-and-offers/aircube-containerized-compresser-room,440
https://www.atlascopco.com/en-us/compressors/industry-solutions/railway,440
https://www.atlascopco.com/en-us/compressors/industry-solutions/pulp-and-paper,440
https://www.atlascopco.com/en-us/compressors/customer-stories,440
https://www.atlascopco.com/en-us/compressors/customerbenefit,440
https://www.atlascopco.com/en-us/compressors/nitrogen-generators-landing,440
https://www.atlascopco.com/en-us/compressors/nitrogen-generators-landing/laser-cutting-and-nitrogen-generation,440
https://www.atlascopco.com/en-us/compressors/oil-injected-air-compressors-landing,440
https://www.atlascopco.com/en-us/compressors/wiki/compressed-air-articles,135
https://www.atlascopco.com/en-us/compressors/customerbenefit/vsd,26
https://www.atlascopco.com/en-us/compressors/news-and-stories,22
https://www.atlascopco.com/en-us/compressors/guides-and-ebooks/guide-air-treatment,22
https://www.atlascopco.com/en-us/compressors/customerbenefit/elektronikon-benefits,21
https://www.atlascopco.com/en-us/compressors/gap-worldwide-contacts,16
https://www.atlascopco.com/en-us/compressors/products/process-filtration/filter-capsules,12
https://www.atlascopco.com/en-us/compressors/products/industrial-water-cooling-systems,11
https://www.atlascopco.com/en-us/compressors/industry-solutions/general-industry,10
https://www.atlascopco.com/en-us/compressors/products/Air-compressor/oil-free-air-compressors/oil-free-air-compressors-ZR-ZT,10
https://www.atlascopco.com/en-us/compressors/products/air-compressor/piston-compressor,10
https://www.atlascopco.com/en-us/compressors/air-compressor-blog/compressor-monitoring-system,9
https://www.atlascopco.com/en-us/compressors/air-quality,9
https://www.atlascopco.com/en-us/compressors/nitrogen-generation,8
https://www.atlascopco.com/en-us/compressors/new-products-and-offers/next-gen-vsds-air-compressor,8
https://www.atlascopco.com/en-us/compressors/industry-solutions/textile-industry,7
https://www.atlascopco.com/en-us/compressors/customerbenefit/vsd/vsd-explained,7
https://www.atlascopco.com/en-us/compressors/air-compressor-blog/why-atlas-copco-technicians,7
https://www.atlascopco.com/en-us/compressors/products/energy-conversion/energy-recovery-systems,7
https://www.atlascopco.com/en-us/compressors/air-compressor-blog/selection-criteria-compressor-oil,7
https://www.atlascopco.com/en-us/compressors/products/energy-conversion/energy-recovery-systems/energy-recovery-unit-er-90-900,7
https://www.atlascopco.com/en-us/compressors/contact-number,7
https://www.atlascopco.com/en-us/compressors/industry-solutions/industrialgases,6
https://www.atlascopco.com/en-us/compressors/service/Efficiency/compressor-monitoring,6
https://www.atlascopco.com/en-us/compressors/customerbenefit/industrial-gases,5
https://www.atlascopco.com/en-us/compressors/customerbenefit/iso-22000,5
https://www.atlascopco.com/en-us/compressors/air-compressor-blog/compressor-automation,5
https://www.atlascopco.com/en-us/compressors/air-compressor-blog/improve-compressor-efficiency,5
https://www.atlascopco.com/en-us/compressors/air-compressor-blog/new-vsd-air-compressor/inverter-technology-neos-next,5
https://www.atlascopco.com/en-us/compressors/air-compressor-blog/understanding-iso-classes-for-compressed-air-quality,5
https://www.atlascopco.com/en-us/compressors/service/Efficiency/Smartlink,5
https://www.atlascopco.com/en-us/compressors/news-and-stories/biomethane-providing-clean-gas-to-the-grid-with-atlas-copco-oxygen-generator,4
https://www.atlascopco.com/en-us/compressors/air-compressor-blog/smartlink-benefits,4
https://www.atlascopco.com/en-us/compressors/air-compressor-blog/air-compressor-controller-explained,4
https://www.atlascopco.com/en-us/compressors/customerbenefit/integralgear,4
https://www.atlascopco.com/en-us/compressors/air-compressor-blog/smart-airnet,4
https://www.atlascopco.com/en-us/compressors/air-compressor-blog/remote-compressor-connection,4
https://www.atlascopco.com/en-us/compressors/wiki/oxygen,4
https://www.atlascopco.com/en-us/compressors/service/en-us/compressors/service/parts,4
https://www.atlascopco.com/en-us/compressors/wiki/nitrogen,4
https://www.atlascopco.com/en-us/compressors/wiki/compressors,3
https://www.atlascopco.com/en-us/compressors/products/nitrogen-generators/nph-20-90-nitrogen-skid-package,3
https://www.atlascopco.com/en-us/compressors/air-compressor-blog/how-an-oxygen-generator-is-used-in-manufacturing-companies,3
https://www.atlascopco.com/en-us/compressors/wiki/trends,3
https://www.atlascopco.com/en-us/compressors/air-compressor-blog/carbon-dioxide-compressor-manufacturers,3
https://www.atlascopco.com/en-us/compressors/industry-solutions/laser-cutting,3
https://www.atlascopco.com/en-us/compressors/air-compressor-blog/choosing-the-right-rotary-screw-compressor,3
https://www.atlascopco.com/en-us/compressors/air-compressor-blog/compressed-air-quality-testing-services,3
https://www.atlascopco.com/en-us/compressors/industry-solutions/hydrogen-production-transportation-usage,3
https://www.atlascopco.com/en-us/compressors/header-and-footer/request-documentation-or-support,3
https://www.atlascopco.com/en-us/compressors/industry-solutions/brewery,3
https://www.atlascopco.com/en-us/compressors/industry-solutions/metal,3
https://www.atlascopco.com/en-us/compressors/new-products-and-offers/world-first-structured-desiccant-in-cd-plus-range,3
https://www.atlascopco.com/en-us/compressors/new-products-and-offers/dual-speed-compressor-ga-flx,3
https://www.atlascopco.com/en-us/compressors/air-compressor-blog/key-benefits-smart-compressor,3
https://www.atlascopco.com/en-us/compressors/service/Efficiency/EnergyRecovery/ER-90-900,3
https://www.atlascopco.com/en-us/compressors/service/parts/AIRnet,3
https://www.atlascopco.com/en-us/compressors/wiki/howto,3
https://www.atlascopco.com/en-us/compressors/service/Efficiency/AirOptimization,3
https://www.atlascopco.com/en-us/compressors/air-compressor-blog/five-benefits-of-cerades-structured-desiccant,3
https://www.atlascopco.com/en-us/compressors/air-compressor-blog/dual-speed-technology,3
https://www.atlascopco.com/en-us/compressors/service/aftermarket_turbomachinery/Genuinespareparts,3
https://www.atlascopco.com/en-us/compressors/air-compressor-blog/industrial-hydrogen-compressor-safety,3
https://www.atlascopco.com/en-us/compressors/air-compressor-blog/the-future-of-desiccant-dryer,3
https://www.atlascopco.com/en-us/compressors/air-compressor-blog/screw-versus-roots-technology-in-low-pressure-blowers,3
https://www.atlascopco.com/en-us/compressors/air-compressor-blog/reduce-compressor-operating-costs,3
https://www.atlascopco.com/en-us/compressors/products/Air-compressor/Oil-injected-rotary-screw-air-compressor,3
https://www.atlascopco.com/en-us/compressors/wiki/airtreatment,3
https://www.atlascopco.com/en-us/compressors/wiki/compressed-air-articles/smart-compressor-room,3
https://www.atlascopco.com/en-us/compressors/air-compressor-blog/compressed-hydrogen-plant-safety,3
https://www.atlascopco.com/en-us/compressors/new-products-and-offers/think-more-than-air-compressor,3
https://www.atlascopco.com/en-us/compressors/news-and-stories/unitymine,3
https://www.atlascopco.com/en-us/compressors/product-enquiry,3
https://www.atlascopco.com/en-us/compressors/products/Air-compressor/Oil-injected-rotary-screw-air-compressor/ga-oil-lubricated-screw-compressor-series,3
https://www.atlascopco.com/en-us/compressors/industry-solutions/medical-industry,3
https://www.atlascopco.com/en-us/compressors/waste-heat-recovery,3
https://www.atlascopco.com/en-us/compressors/wiki/basictheory,3
https://www.atlascopco.com/en-us/compressors/total-oxygen-nitrogen-solutions,3
https://www.atlascopco.com/en-us/compressors/air-compressor-blog/new-vsd-air-compressor/smartlink-wireless-air-compressor,2
https://www.atlascopco.com/en-us/compressors/air-compressor-blog/nitrogen-purifier-through-hydrogen,2
https://www.atlascopco.com/en-us/compressors/air-compressor-blog/oil-water-separators,2
https://www.atlascopco.com/en-us/compressors/air-compressor-blog/new-vsd-air-compressor/boost-flow-air-compressor-booster,2
https://www.atlascopco.com/en-us/compressors/air-compressor-blog/how-to-select-the-right-commercial-air-compressor,2
https://www.atlascopco.com/en-us/compressors/service/Efficiency/air-compressor-leak-repairs,2
https://www.atlascopco.com/en-us/compressors/service/aftermarket_turbomachinery/preventativemaintenance,2
https://www.atlascopco.com/en-us/compressors/service/aftermarket_turbomachinery/preventive-maintenance,2
https://www.atlascopco.com/en-us/compressors/air-compressor-blog/new-vsd-air-compressor/vsd-variable-speed-drive-train,2
https://www.atlascopco.com/en-us/compressors/air-compressor-blog/smartlink-app,2
https://www.atlascopco.com/en-us/compressors/air-compressor-blog/reduce-compressed-air-energy-use-and-costs,2
https://www.atlascopco.com/en-us/compressors/air-compressor-blog/how-a-nitrogen-generator-works,2
https://www.atlascopco.com/en-us/compressors/products/air-compressor/piston-compressor/professional-piston-compressor,2
https://www.atlascopco.com/en-us/compressors/products/energy-conversion,2
https://www.atlascopco.com/en-us/compressors/air-compressor-blog/features-vsd-plus-compressor,2
https://www.atlascopco.com/en-us/compressors/air-compressor-blog/energy-saving-benefits-smart-compressor,2
https://www.atlascopco.com/en-us/compressors/service/efficiency/smartlink,2
https://www.atlascopco.com/en-us/compressors/service/Plans/TotalResponsability,2
https://www.atlascopco.com/en-us/compressors/air-compressor-blog/neos-compressor-energy-consumption,2
https://www.atlascopco.com/en-us/compressors/optimize-your-compressed-air-system,2
https://www.atlascopco.com/en-us/compressors/news-and-stories/henan-wanji,2
https://www.atlascopco.com/en-us/compressors/industry-solutions/marineus/marine-history,2
https://www.atlascopco.com/en-us/compressors/industry-solutions/marineus/service-lng-q-flex,2
https://www.atlascopco.com/en-us/compressors/customerbenefit/vsd/vsd-vs-fixed-speed,2
https://www.atlascopco.com/en-us/compressors/customerbenefit/vsd/vsd-vs-vsd-plus,2
https://www.atlascopco.com/en-us/compressors/customerbenefit/industrial-gases/applications/nitrogenapplications/pharma,2
https://www.atlascopco.com/en-us/compressors/customerbenefit/vsd/calculate-vsd-energy-savings,2
https://www.atlascopco.com/en-us/compressors/customerbenefit/zt-tooth-vsd-plus,2
https://www.atlascopco.com/en-us/compressors/news-and-stories/lidergraf,2
https://www.atlascopco.com/en-us/compressors/customerbenefit/industrial-gases/applications/nitrogenapplications/laboratories,2
https://www.atlascopco.com/en-us/compressors/customerbenefit/industrial-gases/applications/nitrogenapplications/general-industry,2
https://www.atlascopco.com/en-us/compressors/customerbenefit/industrial-gases/applications/nitrogenapplications/food-and-beverage-packing,2
https://www.atlascopco.com/en-us/compressors/news-and-stories/marine-case-study-condensate-treatment,2
https://www.atlascopco.com/en-us/compressors/air-compressor-blog/which-ga-industrial-compressor-is-right-for-you,2
https://www.atlascopco.com/en-us/compressors/customerbenefit/atlas-copco-industry-4-0/gateway/opc-ua-enabled-compressors,2
https://www.atlascopco.com/en-us/compressors/new-products-and-offers/ga-and-ga-plus-industry-standard-fixed-speed-screw-compressor,2
https://www.atlascopco.com/en-us/compressors/new-products-and-offers/the-future-of-on-site-oxygen-generation,2
https://www.atlascopco.com/en-us/compressors/greenproduction/compressor-replacement,2
https://www.atlascopco.com/en-us/compressors/industry-solutions/ccus-carbon-capture-utilization-storage,2
https://www.atlascopco.com/en-us/compressors/industry-solutions/lng,2
https://www.atlascopco.com/en-us/compressors/industry-solutions/dairy,2
https://www.atlascopco.com/en-us/compressors/industry-solutions/hydrogen-production-transportation-usage/hydrogen-plant-checklist-safety-download,2
https://www.atlascopco.com/en-us/compressors/single-source-compressor-service,2
https://www.atlascopco.com/en-us/compressors/wiki/compressed-air-articles/how-is-industrial-oxygen-produced,2
https://www.atlascopco.com/en-us/compressors/smart-factory/smart-contact-form,2
https://www.atlascopco.com/en-us/compressors/air-compressor-blog/challenger/air-compressor-service/preventive-maintenance-value,2
https://www.atlascopco.com/en-us/compressors/air-compressor-blog/compressor-overheating,2
https://www.atlascopco.com/en-us/compressors/air-compressor-blog/compressed-air-dryer-sizing,2
https://www.atlascopco.com/en-us/compressors/air-compressor-blog/cold-weather-effects-on-compressed-air-system,2
https://www.atlascopco.com/en-us/compressors/air-compressor-blog/air-compressor-troubleshooting,2
https://www.atlascopco.com/en-us/compressors/air-compressor-blog/air-compressor-maintenance,2
https://www.atlascopco.com/en-us/compressors/air-compressor-blog/build-cda-clean-dry-air-system-semiconductor,2
https://www.atlascopco.com/en-us/compressors/air-compressor-blog/5-benefits-quality-air-booster,2
https://www.atlascopco.com/en-us/compressors/air-compressor-blog/5-reasons-to-choose-a-ga-flx-dual-speed-compressor,1
https://www.atlascopco.com/en-us/compressors/air-compressor-blog/7-benefits-of-a-small-variable-speed-compressor,1
https://www.atlascopco.com/en-us/compressors/air-compressor-blog/a-guide-to-sterile-filtration,1
https://www.atlascopco.com/en-us/compressors/air-compressor-blog/advantages-of-a-small-screw-compressor,1
https://www.atlascopco.com/en-us/compressors/air-compressor-blog/advantages-of-a-small-screw-compressor.html,1
https://www.atlascopco.com/en-us/compressors/air-compressor-blog/air-compressor-components,1
https://www.atlascopco.com/en-us/compressors/air-compressor-blog/air-compressor-filter-replacement,1
https://www.atlascopco.com/en-us/compressors/air-compressor-blog/aircube-instant-compressed-air,1
https://www.atlascopco.com/en-us/compressors/air-compressor-blog/central-compressor-control-for-small-to-medium-size-companies,1
https://www.atlascopco.com/en-us/compressors/air-compressor-blog/challenger/air-compressor-service1/preventive-maintenance-value,1
https://www.atlascopco.com/en-us/compressors/air-compressor-blog/challenger/how-clean-is-your-compressed-air,1
https://www.atlascopco.com/en-us/compressors/air-compressor-blog/challenger/quantity/how-to-detect-leaks-and-fix-them,1
https://www.atlascopco.com/en-us/compressors/air-compressor-blog/challenger/size/is-my-compressor-oversized-or-undersized,1
https://www.atlascopco.com/en-us/compressors/air-compressor-blog/choosing-right-process-filter,1
https://www.atlascopco.com/en-us/compressors/air-compressor-blog/compressed-air-system-design,1
https://www.atlascopco.com/en-us/compressors/air-compressor-blog/compressor-air-end,1
https://www.atlascopco.com/en-us/compressors/variable-speed-compressors/more-than-air-compressor/air-compressor-reliability,1
https://www.atlascopco.com/en-us/compressors/variable-speed-compressors/more-than-air-compressor/low-emissions,1
https://www.atlascopco.com/en-us/compressors/variable-speed-compressors/more-than-air-compressor/quiet-air-compressor-installation,1
https://www.atlascopco.com/en-us/compressors/variable-speed-compressors/more-than-air-compressor/reduced-air-compressor-electricity-consumption,1
https://www.atlascopco.com/en-us/compressors/variable-speed-compressors/more-than-air-compressor/selecting-the-right-size,1
https://www.atlascopco.com/en-us/compressors/variable-speed-compressors/more-than-air-compressor/smart-factory,1
https://www.atlascopco.com/en-us/compressors/variable-speed-compressors/more-than-air-compressor/versatility-and-custom-performance,1
https://www.atlascopco.com/en-us/compressors/waste-heat-recovery/heat-pump-industrial-processes,1
https://www.atlascopco.com/en-us/compressors/waste-heat-recovery/heat-pumps-food-industry,1
https://www.atlascopco.com/en-us/compressors/waste-heat-recovery/industrial-heat-pump-applications,1
https://www.atlascopco.com/en-us/compressors/wiki/compressed-air-articles/air-flow-regulation.html%22%3Eregulation%20principles,1
https://www.atlascopco.com/en-us/compressors/wiki/compressed-air-articles/cement-plant-optimal-low-pressure-screw-blower,1
https://www.atlascopco.com/en-us/compressors/wiki/compressed-air-articles/cfm-to-kw-ratio,1
https://www.atlascopco.com/en-us/compressors/wiki/compressed-air-articles/compressed-air-articles/air-flow-regulation,1
https://www.atlascopco.com/en-us/compressors/wiki/compressed-air-articles/content/languagemasters/en/compressors/air-compressor-blog/reduce-compressor-operating-costs,1
https://www.atlascopco.com/en-us/compressors/wiki/compressed-air-articles/dew-point-sensor,1
https://www.atlascopco.com/en-us/compressors/wiki/compressed-air-articles/fire-suppression-prevention-industrial-facilities,1
https://www.atlascopco.com/en-us/compressors/wiki/compressed-air-articles/nitrogen-fire-suppression-prevention,1
https://www.atlascopco.com/en-us/compressors/wiki/compressed-air-articles/pcb-assembly-soldering,1
https://www.atlascopco.com/en-us/compressors/wiki/compressed-air-articles/what-is-desiccant-air-dryer,1
https://www.atlascopco.com/en-us/compressors/wiki/compressed-air-articles/what-is-nitrogen,1
https://www.atlascopco.com/en-us/compressors/digitalbrochures/zr-75-160-vsdplus,1
https://www.atlascopco.com/en-us/compressors/digitalbrochures/zr200-355-vsd-plus-digital-brochure,1
https://www.atlascopco.com/en-us/compressors/digitalbrochures/zrzt-110-160-vsd,1
https://www.atlascopco.com/en-us/compressors/gap-campaign,1
https://www.atlascopco.com/en-us/compressors/green-journey,1
https://www.atlascopco.com/en-us/compressors/greenproduction/environmental-regulations,1
https://www.atlascopco.com/en-us/compressors/guides-and-ebooks/application-ebooks/personalized-application-ebook,1
https://www.atlascopco.com/en-us/compressors/guides-and-ebooks?search=&filter=&filter=&index=1&orderby=0,1
https://www.atlascopco.com/en-us/compressors/industry-solutions/biogas-production/oxygen-generation-for-biogas-production,1
https://www.atlascopco.com/en-us/compressors/industry-solutions/brewery/air-compressor/co2-recovery,1
https://www.atlascopco.com/en-us/compressors/industry-solutions/brewery/filtration,1
https://www.atlascopco.com/en-us/compressors/industry-solutions/hydrogen-production-transportation-usage/hydrogen-checklist-safety-download,1
https://www.atlascopco.com/en-us/compressors/industry-solutions/midstream,1
https://www.atlascopco.com/en-us/compressors/industry-solutions/mining/containerized-compressor-rooms-for-the-resource-industry,1
https://www.atlascopco.com/en-us/compressors/industry-solutions/non-alcoholic-beverages,1
https://www.atlascopco.com/en-us/compressors/industry-solutions/pharmaceuticals,1
https://www.atlascopco.com/en-us/compressors/industry-solutions/pharmaceuticals/pharmaceutical-filtration-solutions,1
https://www.atlascopco.com/en-us/compressors/industry-solutions/pneumatic-conveying-systems,1
https://www.atlascopco.com/en-us/compressors/customerbenefit/industrial-gases/applications/nitrogenapplications/oil-and-gas,1
https://www.atlascopco.com/en-us/compressors/customerbenefit/industrial-gases/applications/oxygen-applications,1
https://www.atlascopco.com/en-us/compressors/customerbenefit/new-zr-series,1
https://www.atlascopco.com/en-us/compressors/customerbenefit/vsd/vsd-compressors,1
https://www.atlascopco.com/en-us/compressors/customerbenefit/vsd/vsd-customer-stories/soltech,1
https://www.atlascopco.com/en-us/compressors/customerbenefit/zrzt-tooth-flx,1
https://www.atlascopco.com/en-us/compressors/customerbenefit/zt-tooth-vsd,1
https://www.atlascopco.com/en-us/compressors/customerbenefit/zt90-160vsd-ff,1
https://www.atlascopco.com/en-us/compressors/digital-transformation,1
https://www.atlascopco.com/en-us/compressors/digitalbrochures,1
https://www.atlascopco.com/en-us/compressors/digitalbrochures/cdbdxd,1
https://www.atlascopco.com/en-us/compressors/digitalbrochures/cng-brochure,1
https://www.atlascopco.com/en-us/compressors/digitalbrochures/co2-booster,1
https://www.atlascopco.com/en-us/compressors/digitalbrochures/digital-brochure-airblowers,1
https://www.atlascopco.com/en-us/compressors/digitalbrochures/digital-brochure-zrzt-55-90,1
https://www.atlascopco.com/en-us/compressors/digitalbrochures/digitalbrochurezs4,1
https://www.atlascopco.com/en-us/compressors/digitalbrochures/optimizer-4-0,1
https://www.atlascopco.com/en-us/compressors/digitalbrochures/zb-5-6-vsdplus,1
https://www.atlascopco.com/en-us/compressors/digitalbrochures/ze-3s,1
https://www.atlascopco.com/en-us/compressors/digitalbrochures/zhplus-zh,1
https://www.atlascopco.com/en-us/compressors/digitalbrochures/zl-1-4,1
https://www.atlascopco.com/en-us/compressors/digitalbrochures/zm-4-10,1
https://www.atlascopco.com/en-us/compressors/industry-solutions/renewables_energyrecovery,1
https://www.atlascopco.com/en-us/compressors/industry-solutions/screw-compressor-in-machinery,1
https://www.atlascopco.com/en-us/compressors/industry-solutions/wine/filtration,1
https://www.atlascopco.com/en-us/compressors/new-products-and-offers/TEST--please-do-not-touch/replace-air-compressor-contact,1
https://www.atlascopco.com/en-us/compressors/new-products-and-offers/elektronikon-nano-controller,1
https://www.atlascopco.com/en-us/compressors/new-products-and-offers/vsd-compressor-with-drive-to-excel,1
https://www.atlascopco.com/en-us/compressors/new-products-and-offers/world-first-structured-desiccant-in-cd-plus-range/contact-us-about-cerades,1
https://www.atlascopco.com/en-us/compressors/new-products-and-offers/world-first-structured-desiccant-in-cd-plus-range/contact-us-about-cerades?filter=atlas-copco:compressor-technique/products/air-and-gas-treatment,1
https://www.atlascopco.com/en-us/compressors/new-products-and-offers/world-first-structured-desiccant-in-cd-plus-range/contact-us-about-cerades?filter=atlas-copco:compressor-technique/products/air-and-gas-treatment/desiccant-air-dryers,1
https://www.atlascopco.com/en-us/compressors/new-products-and-offers/world-first-structured-desiccant-in-cd-plus-range/contact-us-about-cerades?filter=atlas-copco:products/compressors-&-generators/air-treatment/cd-(dryers),1
https://www.atlascopco.com/en-us/compressors/news-and-stories/bearing-manufacturer,1
https://www.atlascopco.com/en-us/compressors/news-and-stories/corrugated-sheets-manufacturer,1
https://www.atlascopco.com/en-us/compressors/news-and-stories/ev-battery-manufacturer,1
https://www.atlascopco.com/en-us/compressors/air-compressor-blog/why-foodgrade-compressor-oil,1
https://www.atlascopco.com/en-us/compressors/air-compressor-blog/why-genuine-compressor-parts,1
https://www.atlascopco.com/en-us/compressors/cng-compressed-natural-gas-solutions,1
https://www.atlascopco.com/en-us/compressors/compressor-service-solutions,1
https://www.atlascopco.com/en-us/compressors/customer-stories/customer-story-relm-west-labels,1
https://www.atlascopco.com/en-us/compressors/customerbenefit/energy-savings-machine-manufacturer,1
https://www.atlascopco.com/en-us/compressors/customerbenefit/energy-savings-manufacturer-milling-tools,1
https://www.atlascopco.com/en-us/compressors/customerbenefit/energy-savings-metal-processing,1
https://www.atlascopco.com/en-us/compressors/customerbenefit/ga90plus-160vsd,1
https://www.atlascopco.com/en-us/compressors/customerbenefit/industrial-gases/applications,1
https://www.atlascopco.com/en-us/compressors/customerbenefit/industrial-gases/applications/ig-applications-form,1
https://www.atlascopco.com/en-us/compressors/customerbenefit/industrial-gases/applications/nitrogenapplications/electronics,1
https://www.atlascopco.com/en-us/compressors/customerbenefit/industrial-gases/applications/nitrogenapplications/electronics/nitrogen-essential-pcb-assembly,1
https://www.atlascopco.com/en-us/compressors/customerbenefit/industrial-gases/applications/nitrogenapplications/electronics/nitrogen-vs-oxygen-pcb-assembly,1
https://www.atlascopco.com/en-us/compressors/customerbenefit/industrial-gases/applications/nitrogenapplications/electronics/on-site-nitrogen-generation-pcb-assembly,1
https://www.atlascopco.com/en-us/compressors/customerbenefit/industrial-gases/applications/nitrogenapplications/electronics/pcb-assembly-soldering,1
https://www.atlascopco.com/en-us/compressors/customerbenefit/industrial-gases/applications/nitrogenapplications/fire-prevention,1
https://www.atlascopco.com/en-us/compressors/customerbenefit/industrial-gases/applications/nitrogenapplications/marine,1
https://www.atlascopco.com/en-us/compressors/news-and-stories/food-and-beverage-manufacturer,1
https://www.atlascopco.com/en-us/compressors/news-and-stories/food-manufacturer,1
https://www.atlascopco.com/en-us/compressors/news-and-stories/mullerdairy,1
https://www.atlascopco.com/en-us/compressors/news-and-stories/productreleases/productreleasezh1000-3150,1
https://www.atlascopco.com/en-us/compressors/news-and-stories/semiconductor-manufacturer,1
https://www.atlascopco.com/en-us/compressors/news-and-stories/solvay,1
https://www.atlascopco.com/en-us/compressors/news-and-stories/trailer-manufacturer,1
https://www.atlascopco.com/en-us/compressors/news-and-stories/wesermetall-zb-vsd,1
https://www.atlascopco.com/en-us/compressors/news-and-stories/za-fermentation-kingdom-pharmaceutical-industry-mongolia,1
https://www.atlascopco.com/en-us/compressors/news-and-stories/zb-vsd-putzhagen-deep-sedimentation-tanks,1
https://www.atlascopco.com/en-us/compressors/news-and-stories/zs-hoffman-mineral-pneumatic-conveying-customer-story,1
https://www.atlascopco.com/en-us/compressors/news-and-stories/zs-northumbrian-water,1
https://www.atlascopco.com/en-us/compressors/optimization,1
https://www.atlascopco.com/en-us/compressors/products/Air-compressor/Oil-injected-rotary-screw-air-compressor/LE-LT-industrial-oil-lubricated-piston-compressors,1
https://www.atlascopco.com/en-us/compressors/products/Air-compressor/Oil-injected-rotary-screw-air-compressor/ga-37-plus-45-plus,1
https://www.atlascopco.com/en-us/compressors/products/Air-compressor/oil-free-air-compressors/LZ-premium-oil-free-compressor,1
https://www.atlascopco.com/en-us/compressors/products/Air-compressor/oil-free-air-compressors/ZD_VSD_oil-free_medium_screw_compressor_with_high_pressure_piston_booster,1
https://www.atlascopco.com/en-us/compressors/products/Air-compressor/oil-free-air-compressors/ZE_ZA_(VSD)_oil-free_rotary_screw_compressors,1
https://www.atlascopco.com/en-us/compressors/air-compressor-blog/new-vsd-air-compressor/what-is-opc-ua,1
https://www.atlascopco.com/en-us/compressors/air-compressor-blog/oil-water-separation,1
https://www.atlascopco.com/en-us/compressors/air-compressor-blog/optimal-compressed-air-pressure-for-pneumatic-conveying-cement-plant,1
https://www.atlascopco.com/en-us/compressors/air-compressor-blog/picking-the-perfect-containerized-compressor-room,1
https://www.atlascopco.com/en-us/compressors/air-compressor-blog/process-filtration-impact-on-quality-and-safety,1
https://www.atlascopco.com/en-us/compressors/air-compressor-blog/process-filtration-integrity-testing,1
https://www.atlascopco.com/en-us/compressors/air-compressor-blog/regulatory-compliance-filtration-systems,1
https://www.atlascopco.com/en-us/compressors/air-compressor-blog/remove-water-content-in-compressed-air,1
https://www.atlascopco.com/en-us/compressors/air-compressor-blog/repair-or-replace-air-compressor,1
https://www.atlascopco.com/en-us/compressors/air-compressor-blog/screw-air-compressor-with-vsd,1
https://www.atlascopco.com/en-us/compressors/air-compressor-blog/selecting-a-vsd-compressor,1
https://www.atlascopco.com/en-us/compressors/air-compressor-blog/smartlink-cybersecurity-certificate,1
https://www.atlascopco.com/en-us/compressors/air-compressor-blog/solutions-for-filtration-challenges,1
https://www.atlascopco.com/en-us/compressors/air-compressor-blog/synthetic-compressor-oil,1
https://www.atlascopco.com/en-us/compressors/air-compressor-blog/types-of-process-filtration,1
https://www.atlascopco.com/en-us/compressors/air-compressor-blog/upgrade-ga-flx-to-vsd,1
https://www.atlascopco.com/en-us/compressors/air-compressor-blog/vsd-refrigerant-air-dryer,1
https://www.atlascopco.com/en-us/compressors/air-compressor-blog/when-to-use-a-vsd-compressor,1
https://www.atlascopco.com/en-us/compressors/products/Air-compressor/oil-free-air-compressors/ZH_ZHplus,1
https://www.atlascopco.com/en-us/compressors/products/Gas-generator/Membrane-nitrogen-generators/ngm-plus-membrane-nitrogen-generator-7-70,1
https://www.atlascopco.com/en-us/compressors/products/Gas-generator/Membrane-nitrogen-generators/ngms-membrane-nitrogen-generator-1-3,1
https://www.atlascopco.com/en-us/compressors/products/Gas-generator/PSA-nitrogen-generator/NGP-PSA-nitrogen-generator,1
https://www.atlascopco.com/en-us/compressors/products/ProcessAirGasEquipment/Centrifugal-Compressors/GT-SeriesCentrifugalCompressor,1
https://www.atlascopco.com/en-us/compressors/products/ProcessAirGasEquipment/Centrifugal-Compressors/polyblock-compressor,1
https://www.atlascopco.com/en-us/compressors/products/ProcessAirGasEquipment/CentrifugalExpanders,1
https://www.atlascopco.com/en-us/compressors/products/ProcessAirGasEquipment/Reciprocating-Compressors,1
https://www.atlascopco.com/en-us/compressors/products/ProcessAirGasEquipment/Reciprocating-Compressors/CNGcompressors,1
https://www.atlascopco.com/en-us/compressors/products/air-compressor/oil-free-air-compressors/hx-hn-oil-free-reciprocating-piston-compressors,1
https://www.atlascopco.com/en-us/compressors/products/air-compressor/piston-compressor/industrial-piston-compressor-high-pressure/industrial,1
https://www.atlascopco.com/en-us/compressors/products/air-compressor/piston-compressor/industrial-piston-compressor-high-pressure/le-lf-industrial-snow-making,1
https://www.atlascopco.com/en-us/compressors/products/air-compressor/piston-compressor/industrial-piston-compressor-high-pressure/ls-lp-cast-iron,1
https://www.atlascopco.com/en-us/compressors/products/air-compressor/piston-compressor/industrial-piston-compressor-high-pressure/lt-industrial,1
https://www.atlascopco.com/en-us/compressors/products/air-compressor/piston-compressor/industrial-piston-compressor-low-pressure,1
https://www.atlascopco.com/en-us/compressors/products/air-dryers/desiccant-air-dryers/AD-BD-CD-desiccant-air-dryers,1
https://www.atlascopco.com/en-us/compressors/products/air-dryers/desiccant-air-dryers/cd-plus-with-cerades,1
https://www.atlascopco.com/en-us/compressors/products/air-dryers/refrigerant-air-dryers/fd-vsd,1
https://www.atlascopco.com/en-us/compressors/products/air_blowers/pd-blowers,1
https://www.atlascopco.com/en-us/compressors/products/air_blowers/zs-rotary-screw-blowers,1
https://www.atlascopco.com/en-us/compressors/products/gas-compressors/reciprocating-gas-compressors-hx-hn,1
https://www.atlascopco.com/en-us/compressors/products/medical-gas-equipment/ga-med-oil-injected-screw,1
https://www.atlascopco.com/en-us/compressors/air-compressor-blog/compressor-you-can-count-on,1
https://www.atlascopco.com/en-us/compressors/air-compressor-blog/correct-pet-air-compressor-sizing,1
https://www.atlascopco.com/en-us/compressors/air-compressor-blog/different-filtration-media,1
https://www.atlascopco.com/en-us/compressors/air-compressor-blog/ev-charger-manufacturers,1
https://www.atlascopco.com/en-us/compressors/air-compressor-blog/future-proof-compressor,1
https://www.atlascopco.com/en-us/compressors/air-compressor-blog/future-proof-compressor/cybersecurity-nano-controller,1
https://www.atlascopco.com/en-us/compressors/air-compressor-blog/future-proof-compressor/performance-connectivity-nano-controller,1
https://www.atlascopco.com/en-us/compressors/air-compressor-blog/future-proof-compressor/smartlink-nano-controller,1
https://www.atlascopco.com/en-us/compressors/air-compressor-blog/genuine-spare-parts,1
https://www.atlascopco.com/en-us/compressors/air-compressor-blog/gold-standard-of-vsd-compressors,1
https://www.atlascopco.com/en-us/compressors/air-compressor-blog/how-a-nitrogen-generator-is-used-in-manufacturing-companies,1
https://www.atlascopco.com/en-us/compressors/air-compressor-blog/how-oxygen-and-nitrogen-generators-are-used-in-manufacturing-companies,1
https://www.atlascopco.com/en-us/compressors/air-compressor-blog/how-to-improve-and-maintain-your-compressed-air-system-air-quality,1
https://www.atlascopco.com/en-us/compressors/air-compressor-blog/hybrid-pet-air-compressor-installation-set-up,1
https://www.atlascopco.com/en-us/compressors/air-compressor-blog/iso-8573-1-air-quality,1
https://www.atlascopco.com/en-us/compressors/air-compressor-blog/iso-8573-1-standards,1
https://www.atlascopco.com/en-us/compressors/air-compressor-blog/kosher-halal-certifications,1
https://www.atlascopco.com/en-us/compressors/air-compressor-blog/microorganisms-in-compressed-air,1
https://www.atlascopco.com/en-us/compressors/air-compressor-blog/new-vsd-air-compressor/smart-temperature-oil-cooling-system,1
https://www.atlascopco.com/en-us/compressors/products/medical-gas-equipment/ga-vsd-plus-med,1
https://www.atlascopco.com/en-us/compressors/products/medical-gas-equipment/zt-med-oil-free-tooth,1
https://www.atlascopco.com/en-us/compressors/products/mobility-compressors/oil-free-pantograph-compressor-lfpr-lfxr,1
https://www.atlascopco.com/en-us/compressors/products/mobility-compressors/oil-free-scroll-compressor-sfr-2-12,1
https://www.atlascopco.com/en-us/compressors/products/mobility-compressors/oil-injected-screw-compressor-gar-5-37,1
https://www.atlascopco.com/en-us/compressors/products/mobility-compressors/oil-lub-piston-ler-ltr-and-oil-free-piston-lfr,1
https://www.atlascopco.com/en-us/compressors/products/processairgasequipment/industrial-heat-pumps,1
https://www.atlascopco.com/en-us/compressors/replacement,1
https://www.atlascopco.com/en-us/compressors/service-enquiry,1
https://www.atlascopco.com/en-us/compressors/service/Efficiency/AIRSCAN,1
https://www.atlascopco.com/en-us/compressors/service/Plans/airplan,1
https://www.atlascopco.com/en-us/compressors/service/aftermarket_turbomachinery/ODAAnalysis,1
https://www.atlascopco.com/en-us/compressors/service/aftermarket_turbomachinery/redesignupgrade,1
https://www.atlascopco.com/en-us/compressors/service/efficiency/airoptimization,1
https://www.atlascopco.com/en-us/compressors/service/efficiency/energyrecovery,1
https://www.atlascopco.com/en-us/compressors/Service-enquiry,1
https://www.atlascopco.com/en-us/compressors/CustomerBenefit/Atlas-copco-Industry-4-0/gateway/opc-ua-enabled-compressors,1
https://www.atlascopco.com/en-us/compressors/wiki/ownership,1
https://www.atlascopco.com/en-us/compressors/CustomerBenefit/Atlas-copco-Industry-4-0/gateway,1
https://www.atlascopco.com/en-us/compressors/0-30-horsepower-oil-injected-compressors,1
https://www.atlascopco.com/en-us/compressors/wiki?search=&filter=&filter=&index=1&orderby=0,1
