URL,Status Code,Indexable,Reason,Meta Robots,Canonical
https://www.atlascopco.com/,200,True,Indexable,,https://www.atlascopco.com/
https://www.atlascopco.com/en-us/compressors/service/parts/maintenance-kits,200,True,Indexable,,https://www.atlascopco.com/en-us/compressors/service/parts/maintenance-kits
https://www.atlascopco.com/en-us/compressors/service/parts/air-compressor-filters,200,True,Indexable,,https://www.atlascopco.com/en-us/compressors/service/parts/air-compressor-filters
https://www.atlascopco.com/en-us/compressors/service/parts/airnet-piping,200,True,Indexable,,https://www.atlascopco.com/en-us/compressors/service/parts/airnet-piping
https://www.atlascopco.com/en-us/compressors/service/parts/line-filters,200,True,Indexable,,https://www.atlascopco.com/en-us/compressors/service/parts/line-filters
https://www.atlascopco.com/en-us/compressors/service/parts/compressor-oil/1630114600-rotoinject,200,True,Indexable,,https://www.atlascopco.com/en-us/compressors/service/parts/compressor-oil/1630114600-rotoinject
https://www.atlascopco.com/en-us/compressors/service/parts/upgrade-programs,200,True,Indexable,,https://www.atlascopco.com/en-us/compressors/service/parts/upgrade-programs
https://www.atlascopco.com/en-us/compressors/service/parts/fixed-price-service,200,True,Indexable,,https://www.atlascopco.com/en-us/compressors/service/parts/fixed-price-service
https://www.atlascopco.com/en-us/compressors/service/parts,200,True,Indexable,,https://www.atlascopco.com/en-us/compressors/service/parts
https://www.atlascopco.com/en-us/compressors/service/parts/compressor-oil,200,True,Indexable,,https://www.atlascopco.com/en-us/compressors/service/parts/compressor-oil
https://www.atlascopco.com/en-us/compressors/service/parts/compressor-oil/1630204105-rotoultra,200,True,Indexable,,https://www.atlascopco.com/en-us/compressors/service/parts/compressor-oil/1630204105-rotoultra
https://www.atlascopco.com/en-us/compressors/service/parts/straightflo-valves,200,True,Indexable,,https://www.atlascopco.com/en-us/compressors/service/parts/straightflo-valves
https://www.atlascopco.com/en-us/compressors/service/parts/compressor-oil/2901170000-rotoxtend,200,True,Indexable,,https://www.atlascopco.com/en-us/compressors/service/parts/compressor-oil/2901170000-rotoxtend
https://www.atlascopco.com/en-us/compressors/service/parts/compressor-repair-any-brand,200,True,Indexable,,https://www.atlascopco.com/en-us/compressors/service/parts/compressor-repair-any-brand
https://www.atlascopco.com/en-us/compressors/service/parts/compressor-oil/2908850101-rotoz,200,True,Indexable,,https://www.atlascopco.com/en-us/compressors/service/parts/compressor-oil/2908850101-rotoz
https://www.atlascopco.com/en-us/compressors/service/plans/preventive-maintenance,200,True,Indexable,,https://www.atlascopco.com/en-us/compressors/service/plans/preventive-maintenance
https://www.atlascopco.com/en-us/compressors/service/parts/compressor-oil/1630083300-rotofoodgrade,200,True,Indexable,,https://www.atlascopco.com/en-us/compressors/service/parts/compressor-oil/1630083300-rotofoodgrade
https://www.atlascopco.com/en-us/compressors/service/plans/air-plan,200,True,Indexable,,https://www.atlascopco.com/en-us/compressors/service/plans/air-plan
https://www.atlascopco.com/en-us/compressors/service/plans,200,True,Indexable,,https://www.atlascopco.com/en-us/compressors/service/plans
https://www.atlascopco.com/en-us/compressors/service/plans/parts-plan,200,True,Indexable,,https://www.atlascopco.com/en-us/compressors/service/plans/parts-plan
https://www.atlascopco.com/en-us/compressors/service/plans/inspection,200,True,Indexable,,https://www.atlascopco.com/en-us/compressors/service/plans/inspection
https://www.atlascopco.com/en-us/compressors/service/plans/totalcare,200,True,Indexable,,https://www.atlascopco.com/en-us/compressors/service/plans/totalcare
https://www.atlascopco.com/en-us/compressors/service/plans/total-responsibility,200,True,Indexable,,https://www.atlascopco.com/en-us/compressors/service/plans/total-responsibility
https://www.atlascopco.com/en-us/compressors/service/plans/extended-warranty,200,True,Indexable,,https://www.atlascopco.com/en-us/compressors/service/plans/extended-warranty
https://www.atlascopco.com/en-us/compressors/service/efficiency/compressor-control-system,200,True,Indexable,,https://www.atlascopco.com/en-us/compressors/service/efficiency/compressor-control-system
https://www.atlascopco.com/en-us/compressors/service/efficiency,200,True,Indexable,,https://www.atlascopco.com/en-us/compressors/service/efficiency
https://www.atlascopco.com/en-us/compressors/service/efficiency/air-compressor-audit,200,True,Indexable,,https://www.atlascopco.com/en-us/compressors/service/efficiency/air-compressor-audit
https://www.atlascopco.com/en-us/compressors/service/efficiency/compressor-monitoring,200,True,Indexable,,https://www.atlascopco.com/en-us/compressors/service/efficiency/compressor-monitoring
https://www.atlascopco.com/en-us/compressors/service/aftermarket-turbomachinery,200,True,Indexable,,https://www.atlascopco.com/gas-and-process/en/aftermarket
https://www.atlascopco.com/en-us/compressors/service/efficiency/energy-recovery,200,True,Indexable,,https://www.atlascopco.com/en-us/compressors/service/efficiency/energy-recovery
https://www.atlascopco.com/en-us/compressors/service/efficiency/compressed-air-measurement,200,True,Indexable,,https://www.atlascopco.com/en-us/compressors/service/efficiency/compressed-air-measurement
https://www.atlascopco.com/en-us/compressors/service/efficiency/air-quality,200,True,Indexable,,https://www.atlascopco.com/en-us/compressors/service/efficiency/air-quality
https://www.atlascopco.com/en-us/compressors/service/aftermarket-turbomachinery/preventative-maintenance,200,True,Indexable,,https://www.atlascopco.com/gas-and-process/en/aftermarket/maintenance/preventative-maintenance
https://www.atlascopco.com/en-us/compressors/service/aftermarket-turbomachinery/genuine-spare-parts,200,True,Indexable,,https://www.atlascopco.com/gas-and-process/en/aftermarket/maintenance/spare-parts
https://www.atlascopco.com/en-us/compressors/service/aftermarket-turbomachinery/am-advanced-services,200,True,Indexable,,https://www.atlascopco.com/en-us/compressors/service/aftermarket-turbomachinery/am-advanced-services
https://www.atlascopco.com/en-us/compressors/service/aftermarket-turbomachinery/turbo-preventative-maintenance,200,True,Indexable,,https://www.atlascopco.com/en-us/compressors/service/aftermarket-turbomachinery/turbo-preventative-maintenance
https://www.atlascopco.com/en-us/compressors/service/aftermarket-turbomachinery/am-redesign-upgrade,200,True,Indexable,,https://www.atlascopco.com/gas-and-process/en/aftermarket/conditioning/redesign-upgrade
https://www.atlascopco.com/en-us/compressors/service/aftermarket-turbomachinery/turbo-oil-plus,200,True,Indexable,,https://www.atlascopco.com/gas-and-process/en/aftermarket/conditioning/advanced-services
https://www.atlascopco.com/en-us/compressors/products/air-compressor/oil-free-air-compressors,200,True,Indexable,,https://www.atlascopco.com/en-us/compressors/products/air-compressor/oil-free-air-compressors
https://www.atlascopco.com/en-us/compressors/service/air-compressor-training,200,True,Indexable,,https://www.atlascopco.com/en-us/compressors/service/air-compressor-training
https://www.atlascopco.com/en-us/compressors/service/aftermarket-turbomachinery/am-breakdown-repair-service,200,True,Indexable,,https://www.atlascopco.com/en-us/compressors/service/aftermarket-turbomachinery/am-breakdown-repair-service
https://www.atlascopco.com/en-us/compressors/service/aftermarket-turbomachinery/oda-analysis,200,True,Indexable,,https://www.atlascopco.com/en-us/compressors/service/aftermarket-turbomachinery/oda-analysis
https://www.atlascopco.com/en-us/compressors/service/aftermarket-turbomachinery/am-erection-and-commissioning,200,True,Indexable,,https://www.atlascopco.com/en-us/compressors/service/aftermarket-turbomachinery/am-erection-and-commissioning
https://www.atlascopco.com/en-us/compressors/products/air-compressor,200,True,Indexable,,https://www.atlascopco.com/en-us/compressors/products/air-compressor
https://www.atlascopco.com/en-us/compressors/products/air-compressor/oil-free-air-compressors/lfx-compact-piston,200,True,Indexable,,https://www.atlascopco.com/en-us/compressors/products/air-compressor/oil-free-air-compressors/lfx-compact-piston
https://www.atlascopco.com/en-us/compressors/products/air-compressor/oil-free-air-compressors/lz-premium,200,True,Indexable,,https://www.atlascopco.com/en-us/compressors/products/air-compressor/oil-free-air-compressors/lz-premium
https://www.atlascopco.com/en-us/compressors/products/air-compressor/oil-free-air-compressors/lf-industrial-piston,200,True,Indexable,,https://www.atlascopco.com/en-us/compressors/products/air-compressor/oil-free-air-compressors/lf-industrial-piston
https://www.atlascopco.com/en-us/compressors/products/air-compressor/oil-free-air-compressors/zp-pet-bottle-compressor,200,True,Indexable,,https://www.atlascopco.com/en-us/compressors/products/air-compressor/oil-free-air-compressors/zp-pet-bottle-compressor
https://www.atlascopco.com/en-us/compressors/products/air-compressor/oil-free-air-compressors/sf-and-sf-plus,200,True,Indexable,,https://www.atlascopco.com/en-us/compressors/products/air-compressor/oil-free-air-compressors/sf-and-sf-plus
https://www.atlascopco.com/en-us/compressors/products/air-compressor/oil-free-air-compressors/aq-water-injected,200,True,Indexable,,https://www.atlascopco.com/en-us/compressors/products/air-compressor/oil-free-air-compressors/aq-water-injected
https://www.atlascopco.com/en-us/compressors/products/air-compressor/oil-free-air-compressors/centrifugal-compressor-zh-zhplus,200,True,Indexable,,https://www.atlascopco.com/en-us/compressors/products/air-compressor/oil-free-air-compressors/centrifugal-compressor-zh-zhplus
https://www.atlascopco.com/en-us/compressors/products/air-compressor/oil-free-air-compressors/lfxd-dental,200,True,Indexable,,https://www.atlascopco.com/en-us/compressors/products/air-compressor/oil-free-air-compressors/lfxd-dental
https://www.atlascopco.com/en-us/compressors/products/air-compressor/oil-free-air-compressors/high-pressure-reciprocating-air-compressor-p,200,True,Indexable,,https://www.atlascopco.com/en-us/compressors/products/air-compressor/oil-free-air-compressors/high-pressure-reciprocating-air-compressor-p
https://www.atlascopco.com/en-us/compressors/products/air-compressor/rotary-screw-compressor,200,True,Indexable,,https://www.atlascopco.com/en-us/compressors/products/air-compressor/rotary-screw-compressor
https://www.atlascopco.com/en-us/compressors/products/air-compressor/oil-free-air-compressors/single-stage-centrifugal-air-compressor-zhl,200,True,Indexable,,https://www.atlascopco.com/en-us/compressors/products/air-compressor/oil-free-air-compressors/single-stage-centrifugal-air-compressor-zhl
https://www.atlascopco.com/en-us/compressors/products/air-compressor/oil-free-air-compressors/booster-air-compressor-zd,200,True,Indexable,,https://www.atlascopco.com/en-us/compressors/products/air-compressor/oil-free-air-compressors/booster-air-compressor-zd
https://www.atlascopco.com/en-us/compressors/products/air-compressor/oil-free-air-compressors/reciprocating-piston-compressors-hx-hn-15,200,True,Indexable,,https://www.atlascopco.com/en-us/compressors/products/air-compressor/oil-free-air-compressors/reciprocating-piston-compressors-hx-hn-15
https://www.atlascopco.com/en-us/compressors/products/air-compressor/oil-free-air-compressors/low-pressure-screw-compressor-ze-za-vsd,200,True,Indexable,,https://www.atlascopco.com/en-us/compressors/products/air-compressor/oil-free-air-compressors/low-pressure-screw-compressor-ze-za-vsd
https://www.atlascopco.com/en-us/compressors/products/air-compressor/oil-free-air-compressors/rotary-screw-air-compressors-zr-zt,200,True,Indexable,,https://www.atlascopco.com/en-us/compressors/products/air-compressor/oil-free-air-compressors/rotary-screw-air-compressors-zr-zt
https://www.atlascopco.com/en-us/compressors/products/air-compressor/oil-free-air-compressors/two-stage-centrifugal-compressor-zb2-vsd-plus,200,True,Indexable,,https://www.atlascopco.com/en-us/compressors/products/air-compressor/oil-free-air-compressors/two-stage-centrifugal-compressor-zb2-vsd-plus
https://www.atlascopco.com/en-us/compressors/products/air-compressor/oil-free-air-compressors/rotary-tooth,200,True,Indexable,,https://www.atlascopco.com/en-us/compressors/products/air-compressor/oil-free-air-compressors/rotary-tooth
https://www.atlascopco.com/en-us/compressors/products/air-compressor/rotary-screw-compressor/g2-7,200,True,Indexable,,https://www.atlascopco.com/en-us/compressors/products/air-compressor/rotary-screw-compressor/g2-7
https://www.atlascopco.com/en-us/compressors/products/air-compressor/rotary-screw-compressor/ga-vsds-series,200,True,Indexable,,https://www.atlascopco.com/en-us/compressors/products/air-compressor/rotary-screw-compressor/ga-vsds-series
https://www.atlascopco.com/en-us/compressors/products/air-compressor/rotary-screw-compressor/aircube-containerized-compressor-room,200,True,Indexable,,https://www.atlascopco.com/en-us/compressors/products/air-compressor/rotary-screw-compressor/aircube-containerized-compressor-room
https://www.atlascopco.com/en-us/compressors/products/air-compressor/rotary-screw-compressor/ga-screw-compressor,200,True,Indexable,,https://www.atlascopco.com/en-us/compressors/products/air-compressor/rotary-screw-compressor/ga-screw-compressor
https://www.atlascopco.com/en-us/compressors/products/air-compressor/rotary-screw-compressor/ga-plus-screw-compressor,200,True,Indexable,,https://www.atlascopco.com/en-us/compressors/products/air-compressor/rotary-screw-compressor/ga-plus-screw-compressor
https://www.atlascopco.com/en-us/compressors/products/air-compressor/rotary-screw-compressor/ga-37-45-plus,200,True,Indexable,,https://www.atlascopco.com/en-us/compressors/products/air-compressor/rotary-screw-compressor/ga-37-45-plus
https://www.atlascopco.com/en-us/compressors/products/air-compressor/rotary-screw-compressor/oil-lubricated-screw-compressor-ga-180-315-vsd-plus,200,True,Indexable,,https://www.atlascopco.com/en-us/compressors/products/air-compressor/rotary-screw-compressor/oil-lubricated-screw-compressor-ga-180-315-vsd-plus
https://www.atlascopco.com/en-us/compressors/products/air-compressor/rotary-screw-compressor/g-series-oil-lubricated,200,True,Indexable,,https://www.atlascopco.com/en-us/compressors/products/air-compressor/rotary-screw-compressor/g-series-oil-lubricated
https://www.atlascopco.com/en-us/compressors/products/air-compressor/rotary-screw-compressor/two-stage-compressor-gr-110-200,200,True,Indexable,,https://www.atlascopco.com/en-us/compressors/products/air-compressor/rotary-screw-compressor/two-stage-compressor-gr-110-200
https://www.atlascopco.com/en-us/compressors/products/air-compressor/rotary-screw-compressor/g2-7vsd,200,True,Indexable,,https://www.atlascopco.com/en-us/compressors/products/air-compressor/rotary-screw-compressor/g2-7vsd
https://www.atlascopco.com/en-us/compressors/products/air-compressor/rotary-screw-compressor/ga-series,200,True,Indexable,,https://www.atlascopco.com/en-us/compressors/products/air-compressor/rotary-screw-compressor/ga-series
https://www.atlascopco.com/en-us/compressors/products/air-compressor/centrifugal-compressor,200,True,Indexable,,https://www.atlascopco.com/en-us/compressors/products/air-compressor/centrifugal-compressor
https://www.atlascopco.com/en-us/compressors/products/air-compressor/rotary-screw-compressor/ls-lp-cast-iron,200,True,Indexable,,https://www.atlascopco.com/en-us/compressors/products/air-compressor/rotary-screw-compressor/ls-lp-cast-iron
https://www.atlascopco.com/en-us/compressors/products/air-compressor/rotary-screw-compressor/ga-flx,200,True,Indexable,,https://www.atlascopco.com/en-us/compressors/products/air-compressor/rotary-screw-compressor/ga-flx
https://www.atlascopco.com/en-us/compressors/products/air-compressor/piston-compressor-north-america,200,True,Indexable,,https://www.atlascopco.com/en-us/compressors/products/air-compressor/piston-compressor-north-america
https://www.atlascopco.com/en-us/compressors/products/air-dryers,200,True,Indexable,,https://www.atlascopco.com/en-us/compressors/products/air-dryers
https://www.atlascopco.com/en-us/compressors/products/air-compressor/piston-compressor/professional-piston-compressor/cr-series,200,True,Indexable,,https://www.atlascopco.com/en-us/compressors/products/air-compressor/piston-compressor/professional-piston-compressor/cr-series
https://www.atlascopco.com/en-us/compressors/products/air-compressor/rotary-screw-compressor/ga-xtreme,200,True,Indexable,,https://www.atlascopco.com/en-us/compressors/products/air-compressor/rotary-screw-compressor/ga-xtreme
https://www.atlascopco.com/en-us/compressors/products/air-compressor/piston-compressor-north-america/cr-series,200,True,Indexable,,https://www.atlascopco.com/en-us/compressors/products/air-compressor/piston-compressor-north-america/cr-series
https://www.atlascopco.com/en-us/compressors/products/air-dryers/desiccant-air-dryers,200,True,Indexable,,https://www.atlascopco.com/en-us/compressors/products/air-dryers/desiccant-air-dryers
https://www.atlascopco.com/en-us/compressors/products/air-dryers/desiccant-air-dryers/carbon-dioxide-co2-removal-unit,200,True,Indexable,,https://www.atlascopco.com/en-us/compressors/products/air-dryers/desiccant-air-dryers/carbon-dioxide-co2-removal-unit
https://www.atlascopco.com/en-us/compressors/products/air-dryers/desiccant-air-dryers/mdg-md-nd-rotary-drum-dryers,200,True,Indexable,,https://www.atlascopco.com/en-us/compressors/products/air-dryers/desiccant-air-dryers/mdg-md-nd-rotary-drum-dryers
https://www.atlascopco.com/en-us/compressors/products/air-dryers/desiccant-air-dryers/ad-bd-cd,200,True,Indexable,,https://www.atlascopco.com/en-us/compressors/products/air-dryers/desiccant-air-dryers/ad-bd-cd
https://www.atlascopco.com/en-us/compressors/products/air-dryers/desiccant-air-dryers/bd-plus-cd-plus-xd-plus-twin-tower-dessicant-dryers,200,True,Indexable,,https://www.atlascopco.com/en-us/compressors/products/air-dryers/desiccant-air-dryers/bd-plus-cd-plus-xd-plus-twin-tower-dessicant-dryers
https://www.atlascopco.com/en-us/compressors/products/air-dryers/refrigerant-air-dryers,200,True,Indexable,,https://www.atlascopco.com/en-us/compressors/products/air-dryers/refrigerant-air-dryers
https://www.atlascopco.com/en-us/compressors/products/air-dryers/desiccant-air-dryers/cd-plus-cerades,200,True,Indexable,,https://www.atlascopco.com/en-us/compressors/products/air-dryers/desiccant-air-dryers/cd-plus-cerades
https://www.atlascopco.com/en-us/compressors/products/air-dryers/refrigerant-air-dryers/f-series,200,True,Indexable,,https://www.atlascopco.com/en-us/compressors/products/air-dryers/refrigerant-air-dryers/f-series
https://www.atlascopco.com/en-us/compressors/products/air-dryers/desiccant-air-dryers/xdg-desiccant-tower-dryers,200,True,Indexable,,https://www.atlascopco.com/en-us/compressors/products/air-dryers/desiccant-air-dryers/xdg-desiccant-tower-dryers
https://www.atlascopco.com/en-us/compressors/products/air-dryers/refrigerant-air-dryers/fx-industrial,200,True,Indexable,,https://www.atlascopco.com/en-us/compressors/products/air-dryers/refrigerant-air-dryers/fx-industrial
https://www.atlascopco.com/en-us/compressors/products/air-dryers/refrigerant-air-dryers/fd-plus-dryers,200,True,Indexable,,https://www.atlascopco.com/en-us/compressors/products/air-dryers/refrigerant-air-dryers/fd-plus-dryers
https://www.atlascopco.com/en-us/compressors/products/air-dryers/refrigerant-air-dryers/fd,200,True,Indexable,,https://www.atlascopco.com/en-us/compressors/products/air-dryers/refrigerant-air-dryers/fd-refrigerated-air-dryers
https://www.atlascopco.com/en-us/compressors/products/air-dryers/refrigerant-air-dryers/fd-refrigerated-air-dryers,200,True,Indexable,,https://www.atlascopco.com/en-us/compressors/products/air-dryers/refrigerant-air-dryers/fd-refrigerated-air-dryers
https://www.atlascopco.com/en-us/compressors/products/air-dryers/refrigerant-air-dryers/fd-vsd-variable-speed-drive,200,True,Indexable,,https://www.atlascopco.com/en-us/compressors/products/air-dryers/refrigerant-air-dryers/fd-refrigerated-air-dryers
https://www.atlascopco.com/en-us/compressors/products/air-dryers/membrane-dryers,200,True,Indexable,,https://www.atlascopco.com/en-us/compressors/products/air-dryers/membrane-dryers
https://www.atlascopco.com/en-us/compressors/products/air-dryers/refrigerant-air-dryers/fdh-air-refrigerant-dryer,200,True,Indexable,,https://www.atlascopco.com/en-us/compressors/products/air-dryers/refrigerant-air-dryers/fdh-air-refrigerant-dryer
https://www.atlascopco.com/en-us/compressors/products/air-blowers/turbo-blowers-oil-free-air-zb-vsd,200,True,Indexable,,https://www.atlascopco.com/en-us/compressors/products/air-blowers/turbo-blowers-oil-free-air-zb-vsd
https://www.atlascopco.com/en-us/compressors/products/air-blowers/oil-free-multistage-centrifugal-blower-zm,200,True,Indexable,,https://www.atlascopco.com/en-us/compressors/products/air-blowers/oil-free-multistage-centrifugal-blower-zm
https://www.atlascopco.com/en-us/compressors/products/air-blowers,200,True,Indexable,,https://www.atlascopco.com/en-us/compressors/products/air-blowers
https://www.atlascopco.com/en-us/compressors/products/air-dryers/membrane-dryers/sdm,200,True,Indexable,,https://www.atlascopco.com/en-us/compressors/products/air-dryers/membrane-dryers/sdm
https://www.atlascopco.com/en-us/compressors/products/condensate-treatment/wsd-ewd-iwd-wd-twd,200,True,Indexable,,https://www.atlascopco.com/en-us/compressors/products/condensate-treatment/wsd-ewd-iwd-wd-twd
https://www.atlascopco.com/en-us/compressors/products/air-blowers/lobe-blowers-zl,200,True,Indexable,,https://www.atlascopco.com/en-us/compressors/products/air-blowers/lobe-blowers-zl
https://www.atlascopco.com/en-us/compressors/products/air-dryers/membrane-dryers/sdr-railway,200,True,Indexable,,https://www.atlascopco.com/en-us/compressors/products/air-dryers/membrane-dryers/sdr-railway
https://www.atlascopco.com/en-us/compressors/products/air-blowers/rotary-screw-blower-zs-vsd,200,True,Indexable,,https://www.atlascopco.com/en-us/compressors/products/air-blowers/rotary-screw-blower-zs-vsd
https://www.atlascopco.com/en-us/compressors/products/condensate-treatment/wsd-ewd-wd-twd1,200,True,Indexable,,https://www.atlascopco.com/en-us/compressors/products/condensate-treatment/wsd-ewd-iwd-wd-twd
https://www.atlascopco.com/en-us/compressors/products/condensate-treatment,200,True,Indexable,,https://www.atlascopco.com/en-us/compressors/products/condensate-treatment
https://www.atlascopco.com/en-us/compressors/products/condensate-treatment/wsd-water-separator,200,True,Indexable,,https://www.atlascopco.com/en-us/compressors/products/condensate-treatment/wsd-water-separator
https://www.atlascopco.com/en-us/compressors/products/air-blowers/single-stage-centrifugal-blower-zha,200,True,Indexable,,https://www.atlascopco.com/en-us/compressors/products/air-blowers/single-stage-centrifugal-blower-zha
https://www.atlascopco.com/en-us/compressors/products/condensate-treatment/osc-12-2500-oil-water-separator,200,True,Indexable,,https://www.atlascopco.com/en-us/compressors/products/condensate-treatment/osc-12-2500-oil-water-separator
https://www.atlascopco.com/en-us/compressors/products/air-filters/coalescing,200,True,Indexable,,https://www.atlascopco.com/en-us/compressors/products/air-filters/coalescing
https://www.atlascopco.com/en-us/compressors/products/air-filters,200,True,Indexable,,https://www.atlascopco.com/en-us/compressors/products/air-filters
https://www.atlascopco.com/en-us/compressors/products/air-filters/sfa-series-silicone-free-filtration,200,True,Indexable,,https://www.atlascopco.com/en-us/compressors/products/air-filters/sfa-series-silicone-free-filtration
https://www.atlascopco.com/en-us/compressors/products/air-filters/dd-pd-plus,200,True,Indexable,,https://www.atlascopco.com/en-us/compressors/products/air-filters/dd-pd-plus
https://www.atlascopco.com/en-us/compressors/products/air-filters/high-pressure-filtration-h-series,200,True,Indexable,,https://www.atlascopco.com/en-us/compressors/products/air-filters/high-pressure-filtration-h-series
https://www.atlascopco.com/en-us/compressors/products/air-filters/ddp-pdp-dust-filtration,200,True,Indexable,,https://www.atlascopco.com/en-us/compressors/products/air-filters/ddp-pdp-dust-filtration
https://www.atlascopco.com/en-us/compressors/products/air-filters/qd-plus-qdt-oil-vapor-filter,200,True,Indexable,,https://www.atlascopco.com/en-us/compressors/products/air-filters/qd-plus-qdt-oil-vapor-filter
https://www.atlascopco.com/en-us/compressors/products/air-filters/water-droplet-filtration,200,True,Indexable,,https://www.atlascopco.com/en-us/compressors/products/air-filters/water-droplet-filtration
https://www.atlascopco.com/en-us/compressors/products/air-filters/process-air-and-gas-filters,200,True,Indexable,,https://www.atlascopco.com/en-us/compressors/products/air-filters/process-air-and-gas-filters
https://www.atlascopco.com/en-us/compressors/products/air-filters/bap-plus-breathing-air-purifier,200,True,Indexable,,https://www.atlascopco.com/en-us/compressors/products/air-filters/bap-plus-breathing-air-purifier
https://www.atlascopco.com/en-us/compressors/products/processairgasequipment,200,True,Indexable,,https://www.atlascopco.com/gas-and-process/en
https://www.atlascopco.com/en-us/compressors/products/air-filters/process-air-and-gas-filters/df-plus-filter,200,True,Indexable,,https://www.atlascopco.com/en-us/compressors/products/air-filters/process-air-and-gas-filters/df-plus-filter
https://www.atlascopco.com/en-us/compressors/products/air-filters/process-air-and-gas-filters/dfp-plus-pfp-plus-filter,200,True,Indexable,,https://www.atlascopco.com/en-us/compressors/products/air-filters/process-air-and-gas-filters/dfp-plus-pfp-plus-filter
https://www.atlascopco.com/en-us/compressors/products/air-filters/process-air-and-gas-filters/qf-plus-filter,200,True,Indexable,,https://www.atlascopco.com/en-us/compressors/products/air-filters/process-air-and-gas-filters/qf-plus-filter
https://www.atlascopco.com/en-us/compressors/products/air-filters/process-air-and-gas-filters/pfs-plus-filter,200,True,Indexable,,https://www.atlascopco.com/en-us/compressors/products/air-filters/process-air-and-gas-filters/pfs-plus-filter
https://www.atlascopco.com/en-us/compressors/products/air-filters/process-air-and-gas-filters/process-filtration-housing,200,True,Indexable,,https://www.atlascopco.com/en-us/compressors/products/air-filters/process-air-and-gas-filters/process-filtration-housing
https://www.atlascopco.com/en-us/compressors/products/air-filters/process-air-and-gas-filters/mfs-plus-filter,200,True,Indexable,,https://www.atlascopco.com/en-us/compressors/products/air-filters/process-air-and-gas-filters/mfs-plus-filter
https://www.atlascopco.com/en-us/compressors/products/gas-generator,200,True,Indexable,,https://www.atlascopco.com/en-us/compressors/products/gas-generator
https://www.atlascopco.com/en-us/compressors/products/processairgasequipment/centrifugal-compressors,200,True,Indexable,,https://www.atlascopco.com/gas-and-process/en/products/centrifugal-compressors
https://www.atlascopco.com/en-us/compressors/products/processairgasequipment/centrifugal-compressors/compander,200,True,Indexable,,https://www.atlascopco.com/en-us/compressors/products/processairgasequipment/centrifugal-compressors/compander
https://www.atlascopco.com/en-us/compressors/products/processairgasequipment/centrifugal-compressors/gt-series-centrifugal-compressor,200,True,Indexable,,https://www.atlascopco.com/en-us/compressors/products/processairgasequipment/centrifugal-compressors/gt-series-centrifugal-compressor
https://www.atlascopco.com/en-us/compressors/products/processairgasequipment/centrifugal-compressors/t-series-compressors,200,True,Indexable,,https://www.atlascopco.com/en-us/compressors/products/processairgasequipment/centrifugal-compressors/t-series-compressors
https://www.atlascopco.com/en-us/compressors/products/processairgasequipment/centrifugal-compressors/aero-block-compressor,200,True,Indexable,,https://www.atlascopco.com/en-us/compressors/products/processairgasequipment/centrifugal-compressors/aero-block-compressor
https://www.atlascopco.com/en-us/compressors/products/processairgasequipment/centrifugal-compressors/centrifigual-compander,200,True,Indexable,,https://www.atlascopco.com/en-us/compressors/products/processairgasequipment/centrifugal-compressors/centrifigual-compander
https://www.atlascopco.com/en-us/compressors/products/processairgasequipment/centrifugal-compressors/rt-series-compressors,200,True,Indexable,,https://www.atlascopco.com/en-us/compressors/products/processairgasequipment/centrifugal-compressors/rt-series-compressors
https://www.atlascopco.com/en-us/compressors/products/processairgasequipment/centrifugal-compressors/turbo-block-compressor,200,True,Indexable,,https://www.atlascopco.com/en-us/compressors/products/processairgasequipment/centrifugal-compressors/turbo-block-compressor
https://www.atlascopco.com/en-us/compressors/products/processairgasequipment/centrifugal-compressors/poly-block-compressor,200,True,Indexable,,https://www.atlascopco.com/en-us/compressors/products/processairgasequipment/centrifugal-compressors/poly-block-compressor
https://www.atlascopco.com/en-us/compressors/products/processairgasequipment/centrifugal-compressors/hp-bog-compressor,200,True,Indexable,,https://www.atlascopco.com/en-us/compressors/products/processairgasequipment/centrifugal-compressors/hp-bog-compressor
https://www.atlascopco.com/en-us/compressors/products/processairgasequipment/screw-compressors,200,True,Indexable,,https://www.atlascopco.com/gas-and-process/en/products/screw-compressors
https://www.atlascopco.com/en-us/compressors/products/processairgasequipment/centrifugalexpanders,200,True,Indexable,,https://www.atlascopco.com/gas-and-process/en/products/turboexpanders
https://www.atlascopco.com/en-us/compressors/products/processairgasequipment/centrifugalexpanders/gap-expander-compressors,200,True,Indexable,,https://www.atlascopco.com/gas-and-process/en/products/turboexpanders/ec-series
https://www.atlascopco.com/en-us/compressors/products/processairgasequipment/screw-compressors/gg-screwcompressors,200,True,Indexable,,https://www.atlascopco.com/gas-and-process/en/products/screw-compressors/oil-lubricated-screw
https://www.atlascopco.com/en-us/compressors/products/processairgasequipment/centrifugalexpanders/gap-expander-generators,200,True,Indexable,,https://www.atlascopco.com/en-us/compressors/products/processairgasequipment/centrifugalexpanders/gap-expander-generators
https://www.atlascopco.com/en-us/compressors/products/marine-compressors,200,True,Indexable,,https://www.atlascopco.com/en-us/compressors/products/marine-compressors
https://www.atlascopco.com/en-us/compressors/products/marine-compressors/lt-ke-water-cooled,200,True,Indexable,,https://www.atlascopco.com/en-us/compressors/products/marine-compressors/lt-ke-water-cooled
https://www.atlascopco.com/en-us/compressors/products/marine-compressors/mas,200,True,Indexable,,https://www.atlascopco.com/en-us/compressors/products/marine-compressors/mas
https://www.atlascopco.com/en-us/compressors/products/compressed-air-ancillaries/air-receivers/working-on-board-marine,200,True,Indexable,,https://www.atlascopco.com/en-us/compressors/products/compressed-air-ancillaries/air-receivers/working-on-board-marine
https://www.atlascopco.com/en-us/compressors/products/compressed-air-ancillaries/air-receivers/starting-marine,200,True,Indexable,,https://www.atlascopco.com/en-us/compressors/products/compressed-air-ancillaries/air-receivers/starting-marine
https://www.atlascopco.com/en-us/compressors/products/compressed-air-ancillaries/air-compressor-aftercooler-hd-and-td,200,True,Indexable,,https://www.atlascopco.com/en-us/compressors/products/compressed-air-ancillaries/air-compressor-aftercooler-hd-and-td
https://www.atlascopco.com/en-us/compressors/products/compressed-air-ancillaries/air-receivers/hta-high-pressure,200,True,Indexable,,https://www.atlascopco.com/en-us/compressors/products/compressed-air-ancillaries/air-receivers/hta-high-pressure
https://www.atlascopco.com/en-us/compressors/products/oil-free-air-and-nitrogen-boosters/oxygen-booster-compressor-ogb,200,True,Indexable,,https://www.atlascopco.com/en-us/compressors/products/oil-free-air-and-nitrogen-boosters/oxygen-booster-compressor-ogb
https://www.atlascopco.com/en-us/compressors/products/oil-free-air-and-nitrogen-boosters,200,True,Indexable,,https://www.atlascopco.com/en-us/compressors/products/oil-free-air-and-nitrogen-boosters
https://www.atlascopco.com/en-us/compressors/products/oil-free-air-and-nitrogen-boosters/reciprocating-nitrogen-boosters-and-air-boosters-dx-dn-vsd,200,True,Indexable,,https://www.atlascopco.com/en-us/compressors/products/oil-free-air-and-nitrogen-boosters/reciprocating-nitrogen-boosters-and-air-boosters-dx-dn-vsd
https://www.atlascopco.com/en-us/compressors/products/oil-free-air-and-nitrogen-boosters/lfb-high-pressure-oil-free-piston-booster,200,True,Indexable,,https://www.atlascopco.com/en-us/compressors/products/oil-free-air-and-nitrogen-boosters/lfb-high-pressure-oil-free-piston-booster
https://www.atlascopco.com/en-us/compressors/products/gas-compressors,200,True,Indexable,,https://www.atlascopco.com/en-us/compressors/products/gas-compressors
https://www.atlascopco.com/en-us/compressors/products/gas-compressors/cu-heavy-duty-compressor,200,True,Indexable,,https://www.atlascopco.com/en-us/compressors/products/gas-compressors/cu-heavy-duty-compressor
https://www.atlascopco.com/en-us/compressors/products/gas-compressors/hx-hn-reciprocating-gas-compressor,200,True,Indexable,,https://www.atlascopco.com/en-us/compressors/products/gas-compressors/hx-hn-reciprocating-gas-compressor
https://www.atlascopco.com/en-us/compressors/products/oil-free-air-and-nitrogen-boosters/lfb-40-air-nitrogen-oil-free-booster,200,True,Indexable,,https://www.atlascopco.com/en-us/compressors/products/oil-free-air-and-nitrogen-boosters/lfb-40-air-nitrogen-oil-free-booster
https://www.atlascopco.com/en-us/compressors/products/oil-free-air-and-nitrogen-boosters/lb-booster,200,True,Indexable,,https://www.atlascopco.com/en-us/compressors/products/oil-free-air-and-nitrogen-boosters/lb-booster
https://www.atlascopco.com/en-us/compressors/products/oil-free-air-and-nitrogen-boosters/lb-300-air-nitrogen-booster,200,True,Indexable,,https://www.atlascopco.com/en-us/compressors/products/oil-free-air-and-nitrogen-boosters/lb-300-air-nitrogen-booster
https://www.atlascopco.com/en-us/compressors/products/gas-compressors/carbon-dioxide-co2-compressor,200,True,Indexable,,https://www.atlascopco.com/en-us/compressors/products/gas-compressors/carbon-dioxide-co2-compressor
https://www.atlascopco.com/en-us/compressors/products/gas-compressors/bbr-natural-gas-compressor,200,True,Indexable,,https://www.atlascopco.com/en-us/compressors/products/gas-compressors/bbr-natural-gas-compressor
https://www.atlascopco.com/en-us/compressors/products/gas-compressors/gg-series-oil-lubricated-gas-screw-compressor-for-methane,200,True,Indexable,,https://www.atlascopco.com/en-us/compressors/products/gas-compressors/gg-series-oil-lubricated-gas-screw-compressor-for-methane
https://www.atlascopco.com/en-us/compressors/products/gas-compressors/h2p-hydrogen-compressor-power-to-gas,200,True,Indexable,,https://www.atlascopco.com/en-us/compressors/products/gas-compressors/h2p-hydrogen-compressor-power-to-gas
https://www.atlascopco.com/en-us/compressors/products/gas-compressors/h2y-high-pressure-hydrogen-compressor,200,True,Indexable,,https://www.atlascopco.com/en-us/compressors/products/gas-compressors/h2y-high-pressure-hydrogen-compressor
https://www.atlascopco.com/en-us/compressors/products/mobility-compressors,200,True,Indexable,,https://www.atlascopco.com/en-us/compressors/products/mobility-compressors
https://www.atlascopco.com/en-us/compressors/products/mobility-compressors/sfr,200,True,Indexable,,https://www.atlascopco.com/en-us/compressors/products/mobility-compressors/sfr
https://www.atlascopco.com/en-us/compressors/products/mobility-compressors/lfpr-lfxr-pantograph,200,True,Indexable,,https://www.atlascopco.com/en-us/compressors/products/mobility-compressors/lfpr-lfxr-pantograph
https://www.atlascopco.com/en-us/compressors/products/mobility-compressors/gar-5-37,200,True,Indexable,,https://www.atlascopco.com/en-us/compressors/products/mobility-compressors/gar-5-37
https://www.atlascopco.com/en-us/compressors/products/oxygen-generators,200,True,Indexable,,https://www.atlascopco.com/en-us/compressors/products/oxygen-generators
https://www.atlascopco.com/en-us/compressors/products/mobility-compressors/railway-filtration-solutions,200,True,Indexable,,https://www.atlascopco.com/en-us/compressors/products/mobility-compressors/railway-filtration-solutions
https://www.atlascopco.com/en-us/compressors/products/oxygen-generators/ogv-vsa-oxygen-generators,200,True,Indexable,,https://www.atlascopco.com/en-us/compressors/products/oxygen-generators/ogv-vsa-oxygen-generators
https://www.atlascopco.com/en-us/compressors/products/mobility-compressors/ler-ltr-lfr-piston-railway,200,True,Indexable,,https://www.atlascopco.com/en-us/compressors/products/mobility-compressors/ler-ltr-lfr-piston-railway
https://www.atlascopco.com/en-us/compressors/products/oxygen-generators/pdp-plus-o2-3-670,200,True,Indexable,,https://www.atlascopco.com/en-us/compressors/products/oxygen-generators/pdp-plus-o2-3-670
https://www.atlascopco.com/en-us/compressors/products/oxygen-generators/ogp-plus-3-30-psa,200,True,Indexable,,https://www.atlascopco.com/en-us/compressors/products/oxygen-generators/ogp-plus-3-30-psa
https://www.atlascopco.com/en-us/compressors/products/oxygen-generators/ogp-psa,200,True,Indexable,,https://www.atlascopco.com/en-us/compressors/products/oxygen-generators/ogp-psa
https://www.atlascopco.com/en-us/compressors/products/nitrogen-generators,200,True,Indexable,,https://www.atlascopco.com/en-us/compressors/products/nitrogen-generators
https://www.atlascopco.com/en-us/compressors/products/nitrogen-generators/ngm-plus-7-70,200,True,Indexable,,https://www.atlascopco.com/en-us/compressors/products/nitrogen-generators/ngm-plus-7-70
https://www.atlascopco.com/en-us/compressors/products/nitrogen-generators/ngms-1-3,200,True,Indexable,,https://www.atlascopco.com/en-us/compressors/products/nitrogen-generators/ngms-1-3
https://www.atlascopco.com/en-us/compressors/products/nitrogen-generators/ngp-plus-premium-n2-with-psa,200,True,Indexable,,https://www.atlascopco.com/en-us/compressors/products/nitrogen-generators/ngp-plus-premium-n2-with-psa
https://www.atlascopco.com/en-us/compressors/products/nitrogen-generators/ngps-2-9-psa,200,True,Indexable,,https://www.atlascopco.com/en-us/compressors/products/nitrogen-generators/ngps-2-9-psa
https://www.atlascopco.com/en-us/compressors/products/nitrogen-generators/lc-laser-cutting-range,200,True,Indexable,,https://www.atlascopco.com/en-us/compressors/products/nitrogen-generators/lc-laser-cutting-range
https://www.atlascopco.com/en-us/compressors/products/nitrogen-generators/high-pressure-skid,200,True,Indexable,,https://www.atlascopco.com/en-us/compressors/products/nitrogen-generators/high-pressure-skid
https://www.atlascopco.com/en-us/compressors/products/nitrogen-generators/nph-nitrogen-purifier-through-hydrogen,200,True,Indexable,,https://www.atlascopco.com/en-us/compressors/products/nitrogen-generators/nph-nitrogen-purifier-through-hydrogen
https://www.atlascopco.com/en-us/compressors/products/nitrogen-generators/lc-laser-cutting-range/lc-n2-13-50,200,True,Indexable,,https://www.atlascopco.com/en-us/compressors/products/nitrogen-generators/lc-laser-cutting-range/lc-n2-13-50
https://www.atlascopco.com/en-us/compressors/products/nitrogen-generators/lc-laser-cutting-range/lc-mix,200,True,Indexable,,https://www.atlascopco.com/en-us/compressors/products/nitrogen-generators/lc-laser-cutting-range/lc-mix
https://www.atlascopco.com/en-us/compressors/products/process-filtration/cartridges,200,True,Indexable,,https://www.atlascopco.com/en-us/compressors/products/process-filtration/cartridges
https://www.atlascopco.com/en-us/compressors/products/process-filtration,200,True,Indexable,,https://www.atlascopco.com/en-us/compressors/products/process-filtration
https://www.atlascopco.com/en-us/compressors/products/process-filtration/cartridges/pleated-fiber-filters,200,True,Indexable,,https://www.atlascopco.com/en-us/compressors/products/process-filtration/cartridges/pleated-fiber-filters
https://www.atlascopco.com/en-us/compressors/products/nitrogen-generators/lc-laser-cutting-range/lc-guard,200,True,Indexable,,https://www.atlascopco.com/en-us/compressors/products/nitrogen-generators/lc-laser-cutting-range/lc-guard
https://www.atlascopco.com/en-us/compressors/products/process-filtration/cartridges/melt-blown-filters,200,True,Indexable,,https://www.atlascopco.com/en-us/compressors/products/process-filtration/cartridges/melt-blown-filters
https://www.atlascopco.com/en-us/compressors/products/process-filtration/cartridges/pleated-membrane-filters,200,True,Indexable,,https://www.atlascopco.com/en-us/compressors/products/process-filtration/cartridges/pleated-membrane-filters
https://www.atlascopco.com/en-us/compressors/products/process-filtration/housings,200,True,Indexable,,https://www.atlascopco.com/en-us/compressors/products/process-filtration/housings
https://www.atlascopco.com/en-us/compressors/products/process-filtration/cartridges/activated-carbon-filters,200,True,Indexable,,https://www.atlascopco.com/en-us/compressors/products/process-filtration/cartridges/activated-carbon-filters
https://www.atlascopco.com/en-us/compressors/products/process-filtration/cartridges/stainless-steel-filters,200,True,Indexable,,https://www.atlascopco.com/en-us/compressors/products/process-filtration/cartridges/stainless-steel-filters
https://www.atlascopco.com/en-us/compressors/products/process-filtration/housings/sanitary-housings,200,True,Indexable,,https://www.atlascopco.com/en-us/compressors/products/process-filtration/housings/sanitary-housings
https://www.atlascopco.com/en-us/compressors/products/process-filtration/housings/industrial-housings,200,True,Indexable,,https://www.atlascopco.com/en-us/compressors/products/process-filtration/housings/industrial-housings
https://www.atlascopco.com/en-us/compressors/products/process-filtration/filter-bags,200,True,Indexable,,https://www.atlascopco.com/en-us/compressors/products/process-filtration/filter-bags
https://www.atlascopco.com/en-us/compressors/genuine-compressor-spare-parts,200,True,Indexable,,https://www.atlascopco.com/en-us/compressors/genuine-compressor-spare-parts
https://www.atlascopco.com/en-us/compressors/guides-and-ebooks/ebook-contact-form,200,True,Indexable,,https://www.atlascopco.com/en-us/compressors/guides-and-ebooks/ebook-contact-form
https://www.atlascopco.com/en-us/compressors/on-site-oxygen-generation,200,True,Indexable,,https://www.atlascopco.com/en-us/compressors/on-site-oxygen-generation
https://www.atlascopco.com/en-us/compressors/oxygen-generation,200,True,Indexable,,https://www.atlascopco.com/en-us/compressors/oxygen-generation
https://www.atlascopco.com/en-us/compressors/guides-and-ebooks/whitepaper-air-dryers,200,True,Indexable,,https://www.atlascopco.com/en-us/compressors/guides-and-ebooks/whitepaper-air-dryers
https://www.atlascopco.com/en-us/compressors/guides-and-ebooks/guide-gas-generation,200,True,Indexable,,https://www.atlascopco.com/en-us/compressors/guides-and-ebooks/guide-gas-generation
https://www.atlascopco.com/en-us/compressors/guides-and-ebooks/ebook-dryers,200,True,Indexable,,https://www.atlascopco.com/en-us/compressors/guides-and-ebooks/ebook-dryers
https://www.atlascopco.com/en-us/compressors/guides-and-ebooks/ebook-air-filters,200,True,Indexable,,https://www.atlascopco.com/en-us/compressors/guides-and-ebooks/ebook-air-filters
https://www.atlascopco.com/en-us/compressors/air-treatment,200,True,Indexable,,https://www.atlascopco.com/en-us/compressors/air-treatment
https://www.atlascopco.com/en-us/compressors/guides-and-ebooks,200,True,Indexable,,https://www.atlascopco.com/en-us/compressors/guides-and-ebooks
https://www.atlascopco.com/en-us/compressors/guides-and-ebooks/ebook-nitrogen,200,True,Indexable,,https://www.atlascopco.com/en-us/compressors/guides-and-ebooks/ebook-nitrogen
https://www.atlascopco.com/en-us/compressors/guides-and-ebooks/ebook-vsd-compressors,200,True,Indexable,,https://www.atlascopco.com/en-us/compressors/guides-and-ebooks/ebook-vsd-compressors
https://www.atlascopco.com/en-us/compressors/guides-and-ebooks/ebook-rotary-screw-compressors,200,True,Indexable,,https://www.atlascopco.com/en-us/compressors/guides-and-ebooks/ebook-rotary-screw-compressors
https://www.atlascopco.com/en-us/compressors/guides-and-ebooks/guide-air-compressors,200,True,Indexable,,https://www.atlascopco.com/en-us/compressors/guides-and-ebooks/guide-air-compressors
https://www.atlascopco.com/en-us/compressors/guides-and-ebooks/guide-compressor-selection,200,True,Indexable,,https://www.atlascopco.com/en-us/compressors/guides-and-ebooks/guide-compressor-selection
https://www.atlascopco.com/en-us/compressors/guides-and-ebooks/ebook-nitrogen-generation,200,True,Indexable,,https://www.atlascopco.com/en-us/compressors/guides-and-ebooks/ebook-nitrogen
https://www.atlascopco.com/en-us/compressors/guides-and-ebooks/ebook-compressor-comparison,200,True,Indexable,,https://www.atlascopco.com/en-us/compressors/guides-and-ebooks/ebook-compressor-comparison
https://www.atlascopco.com/en-us/compressors/guides-and-ebooks/ebook-connectivity,200,True,Indexable,,https://www.atlascopco.com/en-us/compressors/guides-and-ebooks/ebook-connectivity
https://www.atlascopco.com/en-us/compressors/guides-and-ebooks/smart-checklist,200,True,Indexable,,https://www.atlascopco.com/en-us/compressors/guides-and-ebooks/smart-checklist
https://www.atlascopco.com/en-us/compressors/guides-and-ebooks/ebook-green-production,200,True,Indexable,,https://www.atlascopco.com/en-us/compressors/guides-and-ebooks/ebook-green-production
https://www.atlascopco.com/en-us/compressors/guides-and-ebooks/ebook-energy-cost-savings,200,True,Indexable,,https://www.atlascopco.com/en-us/compressors/guides-and-ebooks/ebook-energy-cost-savings
https://www.atlascopco.com/en-us/compressors/guides-and-ebooks/application-ebooks/microbreweries,200,True,Indexable,,https://www.atlascopco.com/en-us/compressors/guides-and-ebooks/application-ebooks/microbreweries
https://www.atlascopco.com/en-us/compressors/guides-and-ebooks/application-ebooks/ev-battery-production,200,True,Indexable,,https://www.atlascopco.com/en-us/compressors/guides-and-ebooks/application-ebooks/ev-battery-production
https://www.atlascopco.com/en-us/compressors/guides-and-ebooks/application-ebooks,200,True,Indexable,,https://www.atlascopco.com/en-us/compressors/guides-and-ebooks/application-ebooks
https://www.atlascopco.com/en-us/compressors/guides-and-ebooks/application-ebooks/biogas-production,200,True,Indexable,,https://www.atlascopco.com/en-us/compressors/guides-and-ebooks/application-ebooks/biogas-production
https://www.atlascopco.com/en-us/compressors/guides-and-ebooks/application-ebooks/hydrogen-fuel-stations,200,True,Indexable,,https://www.atlascopco.com/en-us/compressors/guides-and-ebooks/application-ebooks/hydrogen-fuel-stations
https://www.atlascopco.com/en-us/compressors/guides-and-ebooks/application-ebooks/ebook-laser-cutting,200,True,Indexable,,https://www.atlascopco.com/en-us/compressors/guides-and-ebooks/application-ebooks/ebook-laser-cutting
https://www.atlascopco.com/en-us/compressors/guides-and-ebooks/application-ebooks/food-and-beverage-ebook,200,True,Indexable,,https://www.atlascopco.com/en-us/compressors/guides-and-ebooks/application-ebooks/food-and-beverage-ebook
https://www.atlascopco.com/en-us/compressors/guides-and-ebooks/ebook-innovation,200,True,Indexable,,https://www.atlascopco.com/en-us/compressors/guides-and-ebooks/ebook-innovation
https://www.atlascopco.com/en-us/compressors/guides-and-ebooks/high-pressure-ebook,200,True,Indexable,,https://www.atlascopco.com/en-us/compressors/guides-and-ebooks/high-pressure-ebook
https://www.atlascopco.com/en-us/compressors/guides-and-ebooks/ga-flx-dual-speed-compressor-complete-guide,200,True,Indexable,,https://www.atlascopco.com/en-us/compressors/guides-and-ebooks/ga-flx-dual-speed-compressor-complete-guide
https://www.atlascopco.com/en-us/compressors/guides-and-ebooks/digital-transformation-ebook,200,True,Indexable,,https://www.atlascopco.com/en-us/compressors/guides-and-ebooks/digital-transformation-ebook
https://www.atlascopco.com/en-us/compressors/guides-and-ebooks/ebook-energy-recovery,200,True,Indexable,,https://www.atlascopco.com/en-us/compressors/guides-and-ebooks/ebook-energy-recovery
https://www.atlascopco.com/en-us/compressors/guides-and-ebooks/10-year-compressed-air-system-check,200,True,Indexable,,https://www.atlascopco.com/en-us/compressors/guides-and-ebooks/10-year-compressed-air-system-check
https://www.atlascopco.com/en-us/compressors/guides-and-ebooks/aircube-ebook,200,True,Indexable,,https://www.atlascopco.com/en-us/compressors/guides-and-ebooks/aircube-ebook
https://www.atlascopco.com/en-us/compressors/guides-and-ebooks/ebook-understanding-compressor-system,200,True,Indexable,,https://www.atlascopco.com/en-us/compressors/guides-and-ebooks/ebook-understanding-compressor-system
https://www.atlascopco.com/en-us/compressors/variable-speed-compressors/smart-factory,200,True,Indexable,,https://www.atlascopco.com/en-us/compressors/variable-speed-compressors/smart-factory
https://www.atlascopco.com/en-us/compressors/variable-speed-compressors,200,True,Indexable,,https://www.atlascopco.com/en-us/compressors/variable-speed-compressors
https://www.atlascopco.com/en-us/compressors/variable-speed-compressors/reduced-air-compressor-electricity-consumption,200,True,Indexable,,https://www.atlascopco.com/en-us/compressors/variable-speed-compressors/reduced-air-compressor-electricity-consumption
https://www.atlascopco.com/en-us/compressors/variable-speed-compressors/low-emissions,200,True,Indexable,,https://www.atlascopco.com/en-us/compressors/variable-speed-compressors/low-emissions
https://www.atlascopco.com/en-us/compressors/variable-speed-compressors/air-compressor-reliability,200,True,Indexable,,https://www.atlascopco.com/en-us/compressors/variable-speed-compressors/air-compressor-reliability
https://www.atlascopco.com/en-us/compressors/variable-speed-compressors/quiet-air-compressor-installation,200,True,Indexable,,https://www.atlascopco.com/en-us/compressors/variable-speed-compressors/quiet-air-compressor-installation
https://www.atlascopco.com/en-us/compressors/variable-speed-compressors/selecting-the-right-size,200,True,Indexable,,https://www.atlascopco.com/en-us/compressors/variable-speed-compressors/selecting-the-right-size
https://www.atlascopco.com/en-us/compressors/variable-speed-compressors/versatility-and-custom-performance,200,True,Indexable,,https://www.atlascopco.com/en-us/compressors/variable-speed-compressors/versatility-and-custom-performance
https://www.atlascopco.com/en-us/compressors/variable-speed-compressors/vsd-fact-checks,200,True,Indexable,,https://www.atlascopco.com/en-us/compressors/variable-speed-compressors/vsd-fact-checks
https://www.atlascopco.com/en-us/compressors/variable-speed-compressors/vsd-fact-checks/vsd-fact-checks-compressors-in-mining,200,True,Indexable,,https://www.atlascopco.com/en-us/compressors/variable-speed-compressors/vsd-fact-checks/vsd-fact-checks-compressors-in-mining
https://www.atlascopco.com/en-us/compressors/variable-speed-compressors/vsd-fact-checks/best-compressor-in-dusty-environment,200,True,Indexable,,https://www.atlascopco.com/en-us/compressors/variable-speed-compressors/vsd-fact-checks/best-compressor-in-dusty-environment
https://www.atlascopco.com/en-us/compressors/variable-speed-compressors/vsd-fact-checks/vsd-same-working-principle,200,True,Indexable,,https://www.atlascopco.com/en-us/compressors/variable-speed-compressors/vsd-fact-checks/vsd-same-working-principle
https://www.atlascopco.com/en-us/compressors/variable-speed-compressors/vsd-fact-checks/vsd-compressor-humidity-fact-check,200,True,Indexable,,https://www.atlascopco.com/en-us/compressors/variable-speed-compressors/vsd-fact-checks/vsd-compressor-humidity-fact-check
https://www.atlascopco.com/en-us/compressors/variable-speed-compressors/vsd-fact-checks/fixed-speed-vs-stable-air-demand,200,True,Indexable,,https://www.atlascopco.com/en-us/compressors/variable-speed-compressors/vsd-fact-checks/fixed-speed-vs-stable-air-demand
https://www.atlascopco.com/en-us/compressors/variable-speed-compressors/vsd-fact-checks/vsds-are-the-best-air-compressor,200,True,Indexable,,https://www.atlascopco.com/en-us/compressors/variable-speed-compressors/vsd-fact-checks/vsds-are-the-best-air-compressor
https://www.atlascopco.com/en-us/compressors/variable-speed-compressors/vsd-fact-checks/most-compressor-have-stable-airflow,200,True,Indexable,,https://www.atlascopco.com/en-us/compressors/variable-speed-compressors/vsd-fact-checks/most-compressor-have-stable-airflow
https://www.atlascopco.com/en-us/compressors/variable-speed-compressors/vsd-fact-checks/vsd-compressors-are-not-suitable-for-small-workshop,200,True,Indexable,,https://www.atlascopco.com/en-us/compressors/variable-speed-compressors/vsd-fact-checks/vsd-compressors-are-not-suitable-for-small-workshop
https://www.atlascopco.com/en-us/compressors/variable-speed-compressors/vsd-fact-checks/when-vsd-is-not-compatible-with-existing-vsd,200,True,Indexable,,https://www.atlascopco.com/en-us/compressors/variable-speed-compressors/vsd-fact-checks/when-vsd-is-not-compatible-with-existing-vsd
https://www.atlascopco.com/en-us/compressors/variable-speed-compressors/vsd-fact-checks/fact-check-vsd-is-not-for-full-speed,200,True,Indexable,,https://www.atlascopco.com/en-us/compressors/variable-speed-compressors/vsd-fact-checks/fact-check-vsd-is-not-for-full-speed
https://www.atlascopco.com/en-us/compressors/variable-speed-compressors/vsd-fact-checks/vsd-not-best-for-multiple-compressors,200,True,Indexable,,https://www.atlascopco.com/en-us/compressors/variable-speed-compressors/vsd-fact-checks/vsd-not-best-for-multiple-compressors
https://www.atlascopco.com/en-us/compressors/variable-speed-compressors/vsd-fact-checks/vsd-less-efficient-at-full-load,200,True,Indexable,,https://www.atlascopco.com/en-us/compressors/variable-speed-compressors/vsd-fact-checks/vsd-less-efficient-at-full-load
https://www.atlascopco.com/en-us/compressors/variable-speed-compressors/vsd-fact-checks/inverter-compressors-is-no-different-than-standard-drives,200,True,Indexable,,https://www.atlascopco.com/en-us/compressors/variable-speed-compressors/vsd-fact-checks/inverter-compressors-is-no-different-than-standard-drives
https://www.atlascopco.com/en-us/compressors/variable-speed-compressors/vsd-fact-checks/vsd-compressors-electronics-not-overloaded,200,True,Indexable,,https://www.atlascopco.com/en-us/compressors/variable-speed-compressors/vsd-fact-checks/vsd-compressors-electronics-not-overloaded
https://www.atlascopco.com/en-us/compressors/variable-speed-compressors/vsd-fact-checks/vsd-compressors-complicated-to-operate,200,True,Indexable,,https://www.atlascopco.com/en-us/compressors/variable-speed-compressors/vsd-fact-checks/vsd-compressors-complicated-to-operate
https://www.atlascopco.com/en-us/compressors/variable-speed-compressors/vsd-fact-checks/vsd-compressors-are-less-reliable-then-fixed-speed-compressors,200,True,Indexable,,https://www.atlascopco.com/en-us/compressors/variable-speed-compressors/vsd-fact-checks/vsd-compressors-are-less-reliable-then-fixed-speed-compressors
https://www.atlascopco.com/en-us/compressors/variable-speed-compressors/vsd-fact-checks/vsd-efficiency-any-scale,200,True,Indexable,,https://www.atlascopco.com/en-us/compressors/variable-speed-compressors/vsd-fact-checks/vsd-efficiency-any-scale
https://www.atlascopco.com/en-us/compressors/variable-speed-compressors/vsd-fact-checks/vsd-compressors-have-higher-risk-of-failure,200,True,Indexable,,https://www.atlascopco.com/en-us/compressors/variable-speed-compressors/vsd-fact-checks/vsd-compressors-have-higher-risk-of-failure
https://www.atlascopco.com/en-us/compressors/variable-speed-compressors/more-than-air-compressor,200,True,Indexable,,https://www.atlascopco.com/en-us/compressors/variable-speed-compressors/more-than-air-compressor
https://www.atlascopco.com/en-us/compressors/gap-campaign/cut-the-carbon,200,False,canonicalized to another URL,,https://www.atlascopco.com/gas-and-process/en/campaign/towards-better
https://www.atlascopco.com/en-us/compressors/gap-campaign/cut-the-carbon/industrial-heat-pumps,200,True,Indexable,,https://www.atlascopco.com/en-us/compressors/gap-campaign/cut-the-carbon/industrial-heat-pumps
https://www.atlascopco.com/en-us/compressors/product-safety-product-quality,200,True,Indexable,,https://www.atlascopco.com/en-us/compressors/product-safety-product-quality
https://www.atlascopco.com/en-us/compressors/gap-campaign/cut-the-carbon/revamp-and-upgrades,200,False,canonicalized to another URL,,https://www.atlascopco.com/gas-and-process/en/aftermarket
https://www.atlascopco.com/en-us/compressors/gap-campaign/cut-the-carbon/carbon-solutions,200,True,Indexable,,https://www.atlascopco.com/gas-and-process/en/campaign/cut-the-carbon/carbon-solutions
https://www.atlascopco.com/en-us/compressors/gap-campaign/cut-the-carbon/gas-connectivity,200,True,Indexable,,https://www.atlascopco.com/gas-and-process/en/campaign/cut-the-carbon/gas-connectivity
https://www.atlascopco.com/en-us/compressors/pro-10-warranty,200,True,Indexable,,https://www.atlascopco.com/en-us/compressors/pro-10-warranty
https://www.atlascopco.com/en-us/compressors/air-compressor-data,200,True,Indexable,,https://www.atlascopco.com/en-us/compressors/air-compressor-data
https://www.atlascopco.com/en-us/compressors/gap-campaign/cut-the-carbon/hydrogen-solutions,200,False,canonicalized to another URL,,https://www.atlascopco.com/gas-and-process/en/industries-served/hydrogen
https://www.atlascopco.com/en-us/compressors/smart-factory,200,True,Indexable,,https://www.atlascopco.com/en-us/compressors/smart-factory
https://www.atlascopco.com/en-us/compressors/smart-factory/smartlink-prevents,200,True,Indexable,,https://www.atlascopco.com/en-us/compressors/smart-factory/smartlink-prevents
https://www.atlascopco.com/en-us/compressors/smart-factory/smart-factory-of-the-future,200,True,Indexable,,https://www.atlascopco.com/en-us/compressors/smart-factory/smart-factory-of-the-future
https://www.atlascopco.com/en-us/compressors/smart-factory/smartlink-detects,200,True,Indexable,,https://www.atlascopco.com/en-us/compressors/smart-factory/smartlink-detects
https://www.atlascopco.com/en-us/compressors/smart-factory/smartlink-saves,200,True,Indexable,,https://www.atlascopco.com/en-us/compressors/smart-factory/smartlink-saves
https://www.atlascopco.com/en-us/compressors/smart-factory/smart-small-compressor,200,True,Indexable,,https://www.atlascopco.com/en-us/compressors/smart-factory/smart-small-compressor
https://www.atlascopco.com/en-us/compressors/smart-factory/connectivity-scada-connection,200,True,Indexable,,https://www.atlascopco.com/en-us/compressors/smart-factory/connectivity-scada-connection
https://www.atlascopco.com/en-us/compressors/smart-factory/ai-compressor-management,200,True,Indexable,,https://www.atlascopco.com/en-us/compressors/smart-factory/ai-compressor-management
https://www.atlascopco.com/en-us/compressors/smart-factory/compressed-air-connectivity-solutions,200,True,Indexable,,https://www.atlascopco.com/en-us/compressors/smart-factory/compressed-air-connectivity-solutions
https://www.atlascopco.com/en-us/compressors/process-filtration,200,True,Indexable,,https://www.atlascopco.com/en-us/compressors/products/process-filtration
https://www.atlascopco.com/en-us/compressors/product-selector,200,True,Indexable,,https://www.atlascopco.com/en-us/compressors/product-selector
https://www.atlascopco.com/en-us/compressors/augmented-reality-with-aircube,200,True,Indexable,,https://www.atlascopco.com/en-us/compressors/augmented-reality-with-aircube
https://www.atlascopco.com/en-us/compressors/wiki,200,True,Indexable,,https://www.atlascopco.com/en-us/compressors/wiki
https://www.atlascopco.com/en-us/compressors/wiki/compressed-air-articles/electricity-power,200,True,Indexable,,https://www.atlascopco.com/en-us/compressors/wiki/compressed-air-articles/electricity-power
https://www.atlascopco.com/en-us/compressors/wiki/compressed-air-articles/air-moistair,200,True,Indexable,,https://www.atlascopco.com/en-us/compressors/wiki/compressed-air-articles/air-moistair
https://www.atlascopco.com/en-us/compressors/wiki/compressed-air-articles/physics-physicalunits,200,True,Indexable,,https://www.atlascopco.com/en-us/compressors/wiki/compressed-air-articles/physics-physicalunits
https://www.atlascopco.com/en-us/compressors/wiki/compressed-air-articles/sizing-an-air-compressor,200,True,Indexable,,https://www.atlascopco.com/en-us/compressors/wiki/compressed-air-articles/sizing-an-air-compressor
https://www.atlascopco.com/en-us/compressors/wiki/compressed-air-articles/air-flow-regulation,200,True,Indexable,,https://www.atlascopco.com/en-us/compressors/wiki/compressed-air-articles/air-flow-regulation
https://www.atlascopco.com/en-us/compressors/wiki/compressed-air-articles/gasflow-throttling,200,True,Indexable,,https://www.atlascopco.com/en-us/compressors/wiki/compressed-air-articles/gasflow-throttling
https://www.atlascopco.com/en-us/compressors/wiki/compressed-air-articles/overcompression,200,True,Indexable,,https://www.atlascopco.com/en-us/compressors/wiki/compressed-air-articles/overcompression
https://www.atlascopco.com/en-us/compressors/wiki/compressed-air-articles/replacing-an-air-compressor,200,True,Indexable,,https://www.atlascopco.com/en-us/compressors/wiki/compressed-air-articles/replacing-an-air-compressor
https://www.atlascopco.com/en-us/compressors/wiki/compressed-air-articles/calculating-working-pressure,200,True,Indexable,,https://www.atlascopco.com/en-us/compressors/wiki/compressed-air-articles/calculating-working-pressure
https://www.atlascopco.com/en-us/compressors/wiki/compressed-air-articles/membrane-dryers,200,True,Indexable,,https://www.atlascopco.com/en-us/compressors/wiki/compressed-air-articles/membrane-dryers
https://www.atlascopco.com/en-us/compressors/wiki/compressed-air-articles/absorption-adsorption,200,True,Indexable,,https://www.atlascopco.com/en-us/compressors/wiki/compressed-air-articles/absorption-adsorption
https://www.atlascopco.com/en-us/compressors/wiki/compressed-air-articles/getting-compressor-ready-for-winter,200,True,Indexable,,https://www.atlascopco.com/en-us/compressors/wiki/compressed-air-articles/getting-compressor-ready-for-winter
https://www.atlascopco.com/en-us/compressors/wiki/compressed-air-articles/optimal-working-conditions-compressor-room,200,True,Indexable,,https://www.atlascopco.com/en-us/compressors/wiki/compressed-air-articles/optimal-working-conditions-compressor-room
https://www.atlascopco.com/en-us/compressors/wiki/compressed-air-articles/physics-matter,200,True,Indexable,,https://www.atlascopco.com/en-us/compressors/wiki/compressed-air-articles/physics-matter
https://www.atlascopco.com/en-us/compressors/wiki/compressed-air-articles/pressure-swing-adsorption-generator,200,True,Indexable,,https://www.atlascopco.com/en-us/compressors/wiki/compressed-air-articles/pressure-swing-adsorption-generator
https://www.atlascopco.com/en-us/compressors/wiki/compressed-air-articles/physics-thermodynamics-introduction,200,True,Indexable,,https://www.atlascopco.com/en-us/compressors/wiki/compressed-air-articles/physics-thermodynamics-introduction
https://www.atlascopco.com/en-us/compressors/wiki/compressed-air-articles/what-is-condensate-in-air,200,True,Indexable,,https://www.atlascopco.com/en-us/compressors/wiki/compressed-air-articles/what-is-condensate-in-air
https://www.atlascopco.com/en-us/compressors/wiki/compressed-air-articles/what-is-nitrogen-gas,200,True,Indexable,,https://www.atlascopco.com/en-us/compressors/wiki/compressed-air-articles/what-is-nitrogen-gas
https://www.atlascopco.com/en-us/compressors/wiki/compressed-air-articles/physics-physicalunits2,200,True,Indexable,,https://www.atlascopco.com/en-us/compressors/wiki/compressed-air-articles/physics-physicalunits2
https://www.atlascopco.com/en-us/compressors/wiki/compressed-air-articles/introduction-to-electricity,200,True,Indexable,,https://www.atlascopco.com/en-us/compressors/wiki/compressed-air-articles/introduction-to-electricity
https://www.atlascopco.com/en-us/compressors/wiki/compressed-air-articles/thermodynamics-heattransfer,200,True,Indexable,,https://www.atlascopco.com/en-us/compressors/wiki/compressed-air-articles/thermodynamics-heattransfer
https://www.atlascopco.com/en-us/compressors/wiki/compressed-air-articles/alternating-current,200,True,Indexable,,https://www.atlascopco.com/en-us/compressors/wiki/compressed-air-articles/alternating-current
https://www.atlascopco.com/en-us/compressors/wiki/compressed-air-articles/ohm-laws,200,True,Indexable,,https://www.atlascopco.com/en-us/compressors/wiki/compressed-air-articles/ohm-laws
https://www.atlascopco.com/en-us/compressors/wiki/compressed-air-articles/si-system,200,True,Indexable,,https://www.atlascopco.com/en-us/compressors/wiki/compressed-air-articles/si-system
https://www.atlascopco.com/en-us/compressors/wiki/compressed-air-articles/displacement-and-dynamic-compression,200,True,Indexable,,https://www.atlascopco.com/en-us/compressors/wiki/compressed-air-articles/displacement-and-dynamic-compression
https://www.atlascopco.com/en-us/compressors/wiki/compressed-air-articles/changes-of-state-gases,200,True,Indexable,,https://www.atlascopco.com/en-us/compressors/wiki/compressed-air-articles/changes-of-state-gases
https://www.atlascopco.com/en-us/compressors/wiki/compressed-air-articles/electric-motor,200,True,Indexable,,https://www.atlascopco.com/en-us/compressors/wiki/compressed-air-articles/electric-motor
https://www.atlascopco.com/en-us/compressors/wiki/compressed-air-articles/what-is-compressed-air,200,True,Indexable,,https://www.atlascopco.com/en-us/compressors/wiki/compressed-air-articles/what-is-compressed-air
https://www.atlascopco.com/en-us/compressors/wiki/compressed-air-articles/standards-and-regulations,200,True,Indexable,,https://www.atlascopco.com/en-us/compressors/wiki/compressed-air-articles/standards-and-regulations
https://www.atlascopco.com/en-us/compressors/wiki/compressed-air-articles/rotary-screw-compressor,200,True,Indexable,,https://www.atlascopco.com/en-us/compressors/wiki/compressed-air-articles/rotary-screw-compressor
https://www.atlascopco.com/en-us/compressors/wiki/compressed-air-articles/choosing-an-air-compressor,200,True,Indexable,,https://www.atlascopco.com/en-us/compressors/wiki/compressed-air-articles/choosing-an-air-compressor
https://www.atlascopco.com/en-us/compressors/wiki/compressed-air-articles/choosing-compressor-type,200,True,Indexable,,https://www.atlascopco.com/en-us/compressors/wiki/compressed-air-articles/choosing-compressor-type
https://www.atlascopco.com/en-us/compressors/wiki/compressed-air-articles/piston-compressors,200,True,Indexable,,https://www.atlascopco.com/en-us/compressors/wiki/compressed-air-articles/piston-compressors
https://www.atlascopco.com/en-us/compressors/wiki/compressed-air-articles/compressed-air-applications,200,True,Indexable,,https://www.atlascopco.com/en-us/compressors/wiki/compressed-air-articles/compressed-air-applications
https://www.atlascopco.com/en-us/compressors/wiki/compressed-air-articles/oil-free-or-lubricated-compressor,200,True,Indexable,,https://www.atlascopco.com/en-us/compressors/wiki/compressed-air-articles/oil-free-or-lubricated-compressor
https://www.atlascopco.com/en-us/compressors/wiki/compressed-air-articles/tooth-compressors,200,True,Indexable,,https://www.atlascopco.com/en-us/compressors/wiki/compressed-air-articles/tooth-compressors
https://www.atlascopco.com/en-us/compressors/wiki/compressed-air-articles/dynamic-compressors,200,True,Indexable,,https://www.atlascopco.com/en-us/compressors/wiki/compressed-air-articles/dynamic-compressors
https://www.atlascopco.com/en-us/compressors/wiki/compressed-air-articles/scroll-compressors,200,True,Indexable,,https://www.atlascopco.com/en-us/compressors/wiki/compressed-air-articles/scroll-compressors
https://www.atlascopco.com/en-us/compressors/wiki/compressed-air-articles/other-compressors,200,True,Indexable,,https://www.atlascopco.com/en-us/compressors/wiki/compressed-air-articles/other-compressors
https://www.atlascopco.com/en-us/compressors/wiki/compressed-air-articles/aftercooler,200,True,Indexable,,https://www.atlascopco.com/en-us/compressors/wiki/compressed-air-articles/aftercooler
https://www.atlascopco.com/en-us/compressors/wiki/compressed-air-articles/mobile-compressors,200,True,Indexable,,https://www.atlascopco.com/en-us/compressors/wiki/compressed-air-articles/mobile-compressors
https://www.atlascopco.com/en-us/compressors/wiki/compressed-air-articles/roots-blowers,200,True,Indexable,,https://www.atlascopco.com/en-us/compressors/wiki/compressed-air-articles/roots-blowers
https://www.atlascopco.com/en-us/compressors/wiki/compressed-air-articles/vane-compressors,200,True,Indexable,,https://www.atlascopco.com/en-us/compressors/wiki/compressed-air-articles/vane-compressors
https://www.atlascopco.com/en-us/compressors/wiki/compressed-air-articles/contaminants-in-air,200,True,Indexable,,https://www.atlascopco.com/en-us/compressors/wiki/compressed-air-articles/contaminants-in-air
https://www.atlascopco.com/en-us/compressors/wiki/compressed-air-articles/compressed-air-quality,200,True,Indexable,,https://www.atlascopco.com/en-us/compressors/wiki/compressed-air-articles/compressed-air-quality
https://www.atlascopco.com/en-us/compressors/wiki/compressed-air-articles/removing-contaminants-from-air,200,True,Indexable,,https://www.atlascopco.com/en-us/compressors/wiki/compressed-air-articles/removing-contaminants-from-air
https://www.atlascopco.com/en-us/compressors/wiki/compressed-air-articles/drying-compressed-air,200,True,Indexable,,https://www.atlascopco.com/en-us/compressors/wiki/compressed-air-articles/drying-compressed-air
https://www.atlascopco.com/en-us/compressors/wiki/compressed-air-articles/cost-saving-opportunities,200,True,Indexable,,https://www.atlascopco.com/en-us/compressors/wiki/compressed-air-articles/cost-saving-opportunities
https://www.atlascopco.com/en-us/compressors/wiki/compressed-air-articles/refrigerant-dryer,200,True,Indexable,,https://www.atlascopco.com/en-us/compressors/wiki/compressed-air-articles/refrigerant-dryer
https://www.atlascopco.com/en-us/compressors/wiki/compressed-air-articles/cost-of-compressed-air,200,True,Indexable,,https://www.atlascopco.com/en-us/compressors/wiki/compressed-air-articles/cost-of-compressed-air
https://www.atlascopco.com/en-us/compressors/wiki/compressed-air-articles/displacement-compressors-regulation,200,True,Indexable,,https://www.atlascopco.com/en-us/compressors/wiki/compressed-air-articles/displacement-compressors-regulation
https://www.atlascopco.com/en-us/compressors/wiki/compressed-air-articles/dynamic-compressors-regulation,200,True,Indexable,,https://www.atlascopco.com/en-us/compressors/wiki/compressed-air-articles/dynamic-compressors-regulation
https://www.atlascopco.com/en-us/compressors/wiki/compressed-air-articles/compressor-maintenance,200,True,Indexable,,https://www.atlascopco.com/en-us/compressors/wiki/compressed-air-articles/compressor-maintenance
https://www.atlascopco.com/en-us/compressors/wiki/compressed-air-articles/flow-control,200,True,Indexable,,https://www.atlascopco.com/en-us/compressors/wiki/compressed-air-articles/flow-control
https://www.atlascopco.com/en-us/compressors/wiki/compressed-air-articles/compressor-life-cycle-cost,200,True,Indexable,,https://www.atlascopco.com/en-us/compressors/wiki/compressed-air-articles/compressor-life-cycle-cost
https://www.atlascopco.com/en-us/compressors/wiki/compressed-air-articles/airqualityoperatingcosts,200,True,Indexable,,https://www.atlascopco.com/en-us/compressors/wiki/compressed-air-articles/airqualityoperatingcosts
https://www.atlascopco.com/en-us/compressors/wiki/compressed-air-articles/load-unload-stop-control,200,True,Indexable,,https://www.atlascopco.com/en-us/compressors/wiki/compressed-air-articles/load-unload-stop-control
https://www.atlascopco.com/en-us/compressors/wiki/compressed-air-articles/chmprehensive-control,200,True,Indexable,,https://www.atlascopco.com/en-us/compressors/wiki/compressed-air-articles/chmprehensive-control
https://www.atlascopco.com/en-us/compressors/wiki/compressed-air-articles/dimensioning-compressor-installations,200,True,Indexable,,https://www.atlascopco.com/en-us/compressors/wiki/compressed-air-articles/dimensioning-compressor-installations
https://www.atlascopco.com/en-us/compressors/wiki/compressed-air-articles/diaphragm-compressors,0,True,,,
https://www.atlascopco.com/en-us/compressors/wiki/compressed-air-articles/central-control,200,True,Indexable,,https://www.atlascopco.com/en-us/compressors/wiki/compressed-air-articles/central-control
https://www.atlascopco.com/en-us/compressors/wiki/compressed-air-articles/compressor-sound,200,True,Indexable,,https://www.atlascopco.com/en-us/compressors/wiki/compressed-air-articles/compressor-sound
https://www.atlascopco.com/en-us/compressors/wiki/compressed-air-articles/compressor-room,200,True,Indexable,,https://www.atlascopco.com/en-us/compressors/wiki/compressed-air-articles/compressor-room
https://www.atlascopco.com/en-us/compressors/wiki/compressed-air-articles/centralization-or-decentralization,200,True,Indexable,,https://www.atlascopco.com/en-us/compressors/wiki/compressed-air-articles/centralization-or-decentralization
https://www.atlascopco.com/en-us/compressors/wiki/compressed-air-articles/data-monitoring,200,True,Indexable,,https://www.atlascopco.com/en-us/compressors/wiki/compressed-air-articles/data-monitoring
https://www.atlascopco.com/en-us/compressors/wiki/compressed-air-articles/what-is-sound,200,True,Indexable,,https://www.atlascopco.com/en-us/compressors/wiki/compressed-air-articles/what-is-sound
https://www.atlascopco.com/en-us/compressors/wiki/compressed-air-articles/energy-recovery,200,True,Indexable,,https://www.atlascopco.com/en-us/compressors/wiki/compressed-air-articles/energy-recovery
https://www.atlascopco.com/en-us/compressors/wiki/compressed-air-articles/compressed-air-distribution,200,True,Indexable,,https://www.atlascopco.com/en-us/compressors/wiki/compressed-air-articles/compressed-air-distribution
https://www.atlascopco.com/en-us/compressors/wiki/compressed-air-articles/electrical-installation,200,True,Indexable,,https://www.atlascopco.com/en-us/compressors/wiki/compressed-air-articles/electrical-installation
https://www.atlascopco.com/en-us/compressors/wiki/compressed-air-articles/cooling-system-water-cooled-and-air-cooled,200,True,Indexable,,https://www.atlascopco.com/en-us/compressors/wiki/compressed-air-articles/cooling-system-water-cooled-and-air-cooled
https://www.atlascopco.com/en-us/compressors/wiki/compressed-air-articles/dimensioning-compressor-installations-at-high-altitudes,200,True,Indexable,,https://www.atlascopco.com/en-us/compressors/wiki/compressed-air-articles/dimensioning-compressor-installations-at-high-altitudes
https://www.atlascopco.com/en-us/compressors/wiki/compressed-air-articles/how-to-pick-an-inline-compressor-filter,200,True,Indexable,,https://www.atlascopco.com/en-us/compressors/wiki/compressed-air-articles/how-to-pick-an-inline-compressor-filter
https://www.atlascopco.com/en-us/compressors/wiki/compressed-air-articles/assessment-or-audit,200,True,Indexable,,https://www.atlascopco.com/en-us/compressors/wiki/compressed-air-articles/assessment-or-audit
https://www.atlascopco.com/en-us/compressors/wiki/compressed-air-articles/calculating-and-measuring-air-requirement,200,True,Indexable,,https://www.atlascopco.com/en-us/compressors/wiki/compressed-air-articles/calculating-and-measuring-air-requirement
https://www.atlascopco.com/en-us/compressors/wiki/compressed-air-articles/what-is-an-air-receiver,200,True,Indexable,,https://www.atlascopco.com/en-us/compressors/wiki/compressed-air-articles/what-is-an-air-receiver
https://www.atlascopco.com/en-us/compressors/wiki/compressed-air-articles/choosing-a-dryer,200,True,Indexable,,https://www.atlascopco.com/en-us/compressors/wiki/compressed-air-articles/choosing-a-dryer
https://www.atlascopco.com/en-us/compressors/wiki/compressed-air-articles/generating-nitrogen-membrane,200,True,Indexable,,https://www.atlascopco.com/en-us/compressors/wiki/compressed-air-articles/generating-nitrogen-membrane
https://www.atlascopco.com/en-us/compressors/wiki/compressed-air-articles/difference-bar-gauge-bar-absolute,200,True,Indexable,,https://www.atlascopco.com/en-us/compressors/wiki/compressed-air-articles/difference-bar-gauge-bar-absolute
https://www.atlascopco.com/en-us/compressors/wiki/compressed-air-articles/opc-ua-and-its-benefits,200,True,Indexable,,https://www.atlascopco.com/en-us/compressors/wiki/compressed-air-articles/opc-ua-and-its-benefits
https://www.atlascopco.com/en-us/compressors/wiki/compressed-air-articles/different-ways-of-getting-nitrogen,200,True,Indexable,,https://www.atlascopco.com/en-us/compressors/wiki/compressed-air-articles/different-ways-of-getting-nitrogen
https://www.atlascopco.com/en-us/compressors/wiki/compressed-air-articles/over-the-air-updates-for-compressors,200,True,Indexable,,https://www.atlascopco.com/en-us/compressors/wiki/compressed-air-articles/over-the-air-updates-for-compressors
https://www.atlascopco.com/en-us/compressors/wiki/compressed-air-articles/what-is-a-vsd-compressor,200,True,Indexable,,https://www.atlascopco.com/en-us/compressors/wiki/compressed-air-articles/what-is-a-vsd-compressor
https://www.atlascopco.com/en-us/compressors/wiki/compressed-air-articles/co2-vs-compressed-air,200,True,Indexable,,https://www.atlascopco.com/en-us/compressors/wiki/compressed-air-articles/co2-vs-compressed-air
https://www.atlascopco.com/en-us/compressors/wiki/compressed-air-articles/membrane-nitrogen-technology,200,True,Indexable,,https://www.atlascopco.com/en-us/compressors/wiki/compressed-air-articles/membrane-nitrogen-technology
https://www.atlascopco.com/en-us/compressors/wiki/compressed-air-articles/what-is-oil-water-separator,200,True,Indexable,,https://www.atlascopco.com/en-us/compressors/wiki/compressed-air-articles/what-is-oil-water-separator
https://www.atlascopco.com/en-us/compressors/wiki/compressed-air-articles/carbon-dioxide-uses,200,True,Indexable,,https://www.atlascopco.com/en-us/compressors/wiki/compressed-air-articles/carbon-dioxide-uses
https://www.atlascopco.com/en-us/compressors/wiki/compressed-air-articles/nitrogen-oxygen-purity-cost,200,True,Indexable,,https://www.atlascopco.com/en-us/compressors/wiki/compressed-air-articles/nitrogen-oxygen-purity-cost
https://www.atlascopco.com/en-us/compressors/wiki/compressed-air-articles/compressed-air-quality-testing,200,True,Indexable,,https://www.atlascopco.com/en-us/compressors/wiki/compressed-air-articles/compressed-air-quality-testing
https://www.atlascopco.com/en-us/compressors/wiki/compressed-air-articles/instrument-air-quality,200,True,Indexable,,https://www.atlascopco.com/en-us/compressors/wiki/compressed-air-articles/instrument-air-quality
https://www.atlascopco.com/en-us/compressors/wiki/compressed-air-articles/difference-industrial-gas-purity-quality,200,True,Indexable,,https://www.atlascopco.com/en-us/compressors/wiki/compressed-air-articles/difference-industrial-gas-purity-quality
https://www.atlascopco.com/en-us/compressors/wiki/compressed-air-articles/faq-pet-compressors-boosters-blow-molding-bottles,200,True,Indexable,,https://www.atlascopco.com/en-us/compressors/wiki/compressed-air-articles/faq-pet-compressors-boosters-blow-molding-bottles
https://www.atlascopco.com/en-us/compressors/wiki/compressed-air-articles/electrolyzers-as-hydrogen-production-technologies,200,True,Indexable,,https://www.atlascopco.com/en-us/compressors/wiki/compressed-air-articles/electrolyzers-as-hydrogen-production-technologies
https://www.atlascopco.com/en-us/compressors/wiki/compressed-air-articles/importance-compressed-air-treatment,200,True,Indexable,,https://www.atlascopco.com/en-us/compressors/wiki/compressed-air-articles/importance-compressed-air-treatment
https://www.atlascopco.com/en-us/compressors/wiki/compressed-air-articles/compressed-hydrogen-safety-concerns,200,True,Indexable,,https://www.atlascopco.com/en-us/compressors/wiki/compressed-air-articles/compressed-hydrogen-safety-concerns
https://www.atlascopco.com/en-us/compressors/wiki/compressed-air-articles/pet-bottle-blowing-problems,200,True,Indexable,,https://www.atlascopco.com/en-us/compressors/wiki/compressed-air-articles/pet-bottle-blowing-problems
https://www.atlascopco.com/en-us/compressors/wiki/compressed-air-articles/understanding-carbon-dioxide-recovery-and-utilization,200,True,Indexable,,https://www.atlascopco.com/en-us/compressors/wiki/compressed-air-articles/understanding-carbon-dioxide-recovery-and-utilization
https://www.atlascopco.com/en-us/compressors/wiki/compressed-air-articles/what-is-an-air-compressor-booster,200,True,Indexable,,https://www.atlascopco.com/en-us/compressors/wiki/compressed-air-articles/what-is-an-air-compressor-booster
https://www.atlascopco.com/en-us/compressors/wiki/compressed-air-articles/lithium-battery-production-process,200,True,Indexable,,https://www.atlascopco.com/en-us/compressors/wiki/compressed-air-articles/lithium-battery-production-process
https://www.atlascopco.com/en-us/compressors/wiki/compressed-air-articles/benefits-remote-compressor-connection,200,True,Indexable,,https://www.atlascopco.com/en-us/compressors/wiki/compressed-air-articles/benefits-remote-compressor-connection
https://www.atlascopco.com/en-us/compressors/wiki/compressed-air-articles/sustainability-faq,200,True,Indexable,,https://www.atlascopco.com/en-us/compressors/wiki/compressed-air-articles/sustainability-faq
https://www.atlascopco.com/en-us/compressors/wiki/compressed-air-articles/future-proof-co2-carbon-capture-system,200,True,Indexable,,https://www.atlascopco.com/en-us/compressors/wiki/compressed-air-articles/future-proof-co2-carbon-capture-system
https://www.atlascopco.com/en-us/compressors/wiki/compressed-air-articles/what-is-a-dual-speed-compressor,200,True,Indexable,,https://www.atlascopco.com/en-us/compressors/wiki/compressed-air-articles/what-is-a-dual-speed-compressor
https://www.atlascopco.com/en-us/compressors/wiki/compressed-air-articles/cda-clean-dry-air-semiconductor-industry,200,True,Indexable,,https://www.atlascopco.com/en-us/compressors/wiki/compressed-air-articles/cda-clean-dry-air-semiconductor-industry
https://www.atlascopco.com/en-us/compressors/wiki/compressed-air-articles/transient-losses,200,True,Indexable,,https://www.atlascopco.com/en-us/compressors/wiki/compressed-air-articles/transient-losses
https://www.atlascopco.com/en-us/compressors/wiki/compressed-air-articles/rotary-screw-compressor-components,200,True,Indexable,,https://www.atlascopco.com/en-us/compressors/wiki/compressed-air-articles/rotary-screw-compressor-components
https://www.atlascopco.com/en-us/compressors/wiki/compressed-air-articles/the-importance-of-getting-gas-compressor-sizing-right,200,True,Indexable,,https://www.atlascopco.com/en-us/compressors/wiki/compressed-air-articles/the-importance-of-getting-gas-compressor-sizing-right
https://www.atlascopco.com/en-us/compressors/wiki/compressed-air-articles/what-is-laser-cutting,200,True,Indexable,,https://www.atlascopco.com/en-us/compressors/wiki/compressed-air-articles/what-is-laser-cutting
https://www.atlascopco.com/en-us/compressors/wiki/compressed-air-articles/what-is-digital-transformation,200,True,Indexable,,https://www.atlascopco.com/en-us/compressors/wiki/compressed-air-articles/what-is-digital-transformation
https://www.atlascopco.com/en-us/compressors/wiki/compressed-air-articles/air-blowers-working-principle-types-applications,200,True,Indexable,,https://www.atlascopco.com/en-us/compressors/wiki/compressed-air-articles/air-blowers-working-principle-types-applications
https://www.atlascopco.com/en-us/compressors/wiki/compressed-air-articles/compressor-controls,200,True,Indexable,,https://www.atlascopco.com/en-us/compressors/wiki/compressed-air-articles/compressor-controls
https://www.atlascopco.com/en-us/compressors/wiki/compressed-air-articles/using-waste-heat,200,True,Indexable,,https://www.atlascopco.com/en-us/compressors/wiki/compressed-air-articles/using-waste-heat
https://www.atlascopco.com/en-us/compressors/wiki/compressed-air-articles/psig-psia-psi-meaning,200,True,Indexable,,https://www.atlascopco.com/en-us/compressors/wiki/compressed-air-articles/psig-psia-psi-meaning
https://www.atlascopco.com/en-us/compressors/wiki/compressed-air-articles/what-is-waste-heat,200,True,Indexable,,https://www.atlascopco.com/en-us/compressors/wiki/compressed-air-articles/what-is-waste-heat
https://www.atlascopco.com/en-us/compressors/wiki/compressed-air-articles/scroll-vs-screw-compressor,200,True,Indexable,,https://www.atlascopco.com/en-us/compressors/wiki/compressed-air-articles/scroll-vs-screw-compressor
https://www.atlascopco.com/en-us/compressors/wiki/compressed-air-articles/reciprocating-compressors,200,True,Indexable,,https://www.atlascopco.com/en-us/compressors/wiki/compressed-air-articles/reciprocating-compressors
https://www.atlascopco.com/en-us/compressors/wiki/compressed-air-articles/advanced-cement-co2-capture-solutions-for-sustainable-production,200,True,Indexable,,https://www.atlascopco.com/en-us/compressors/wiki/compressed-air-articles/advanced-cement-co2-capture-solutions-for-sustainable-production
https://www.atlascopco.com/en-us/compressors/wiki/compressed-air-articles/reducing-cement-co2-emissions-to-meet-the-paris-agreement,200,True,Indexable,,https://www.atlascopco.com/en-us/compressors/wiki/compressed-air-articles/reducing-cement-co2-emissions-to-meet-the-paris-agreement
https://www.atlascopco.com/en-us/compressors/wiki/compressed-air-articles/air-dryers-types-and-function,200,True,Indexable,,https://www.atlascopco.com/en-us/compressors/wiki/compressed-air-articles/air-dryers-types-and-function
https://www.atlascopco.com/en-us/compressors/wiki/compressed-air-articles/compressed-gases-risks-wet-co2,200,True,Indexable,,https://www.atlascopco.com/en-us/compressors/wiki/compressed-air-articles/compressed-gases-risks-wet-co2
https://www.atlascopco.com/en-us/compressors/wiki/compressed-air-articles/oxygen-generators-for-biogas,200,True,Indexable,,https://www.atlascopco.com/en-us/compressors/wiki/compressed-air-articles/oxygen-generators-for-biogas
https://www.atlascopco.com/en-us/compressors/wiki/compressed-air-articles/the-right-compressed-air-pressure-for-cement-plants,200,True,Indexable,,https://www.atlascopco.com/en-us/compressors/wiki/compressed-air-articles/the-right-compressed-air-pressure-for-cement-plants
https://www.atlascopco.com/en-us/compressors/wiki/compressed-air-articles/oxygen-generators-biogas-hydrogen-sulfide-removal,200,True,Indexable,,https://www.atlascopco.com/en-us/compressors/wiki/compressed-air-articles/oxygen-generators-biogas-hydrogen-sulfide-removal
https://www.atlascopco.com/en-us/compressors/wiki/compressed-air-articles/upgrade-cement-plant-energy-efficient-equipment-carbon-capture-solutions,200,True,Indexable,,https://www.atlascopco.com/en-us/compressors/wiki/compressed-air-articles/upgrade-cement-plant-energy-efficient-equipment-carbon-capture-solutions
https://www.atlascopco.com/en-us/compressors/wiki/compressed-air-articles/electronic-manufacturing-services-market,200,True,Indexable,,https://www.atlascopco.com/en-us/compressors/wiki/compressed-air-articles/electronic-manufacturing-services-market
https://www.atlascopco.com/en-us/compressors/wiki/compressed-air-articles/screw-vs-roots-blower-use-right-technology,200,True,Indexable,,https://www.atlascopco.com/en-us/compressors/wiki/compressed-air-articles/screw-vs-roots-blower-use-right-technology
https://www.atlascopco.com/en-us/compressors/wiki/compressed-air-articles/fire-suppression,200,True,Indexable,,https://www.atlascopco.com/en-us/compressors/wiki/compressed-air-articles/fire-suppression
https://www.atlascopco.com/en-us/compressors/wiki/compressed-air-articles/oil-injected-screw-compressors-machinery-industry,200,True,Indexable,,https://www.atlascopco.com/en-us/compressors/wiki/compressed-air-articles/oil-injected-screw-compressors-machinery-industry
https://www.atlascopco.com/en-us/compressors/wiki/compressed-air-articles/types-of-air-compressors,200,True,Indexable,,https://www.atlascopco.com/en-us/compressors/wiki/compressed-air-articles/types-of-air-compressors
https://www.atlascopco.com/en-us/compressors/wiki/compressed-air-articles/technical-aspects-absolute-filtration-classzero,200,True,Indexable,,https://www.atlascopco.com/en-us/compressors/wiki/compressed-air-articles/technical-aspects-absolute-filtration-classzero
https://www.atlascopco.com/en-us/compressors/wiki/compressed-air-articles/heat-pumps-spray-drying,200,True,Indexable,,https://www.atlascopco.com/en-us/compressors/wiki/compressed-air-articles/heat-pumps-spray-drying
https://www.atlascopco.com/en-us/compressors/wiki/compressed-air-articles/moisture-trap,200,True,Indexable,,https://www.atlascopco.com/en-us/compressors/wiki/compressed-air-articles/moisture-trap
https://www.atlascopco.com/en-us/compressors/wiki/compressed-air-articles/fgas-regulations,200,True,Indexable,,https://www.atlascopco.com/en-us/compressors/wiki/compressed-air-articles/fgas-regulations
https://www.atlascopco.com/en-us/compressors/wiki/compressed-air-articles/check-nitrogen-purity,200,True,Indexable,,https://www.atlascopco.com/en-us/compressors/wiki/compressed-air-articles/check-nitrogen-purity
https://www.atlascopco.com/en-us/compressors/wiki/compressed-air-articles/pressure-dew-point,200,True,Indexable,,https://www.atlascopco.com/en-us/compressors/wiki/compressed-air-articles/pressure-dew-point
https://www.atlascopco.com/en-us/compressors/wiki/airtreatment/what-is-structured-desiccant,200,True,Indexable,,https://www.atlascopco.com/en-us/compressors/wiki/airtreatment/what-is-structured-desiccant
https://www.atlascopco.com/en-us/compressors/wiki/compressed-air-articles/r454c-refrigerant,200,True,Indexable,,https://www.atlascopco.com/en-us/compressors/wiki/compressed-air-articles/r454c-refrigerant
https://www.atlascopco.com/en-us/compressors/wiki/compressed-air-unit-conversion,200,True,Indexable,,https://www.atlascopco.com/en-us/compressors/wiki/compressed-air-unit-conversion
https://www.atlascopco.com/en-us/compressors/customerbenefit/class-0-iso-8573-1/class0faq,200,True,Indexable,,https://www.atlascopco.com/en-us/compressors/customerbenefit/class-0-iso-8573-1/class0faq
https://www.atlascopco.com/en-us/compressors/wiki/airtreatment/variable-speed-drive-refrigerant-air-dryer,200,True,Indexable,,https://www.atlascopco.com/en-us/compressors/wiki/airtreatment/variable-speed-drive-refrigerant-air-dryer
https://www.atlascopco.com/en-us/compressors/wiki/compressed-air-articles/how-long-to-replace-compressor,200,True,Indexable,,https://www.atlascopco.com/en-us/compressors/wiki/compressed-air-articles/how-long-to-replace-compressor
https://www.atlascopco.com/en-us/compressors/customerbenefit/class-0-iso-8573-1,200,True,Indexable,,https://www.atlascopco.com/en-us/compressors/customerbenefit/class-0-iso-8573-1
https://www.atlascopco.com/en-us/compressors/news-and-stories/ems,200,True,Indexable,,https://www.atlascopco.com/en-us/compressors/news-and-stories/ems
https://www.atlascopco.com/en-us/compressors/news-and-stories/bic,200,True,Indexable,,https://www.atlascopco.com/en-us/compressors/news-and-stories/bic
https://www.atlascopco.com/en-us/compressors/news-and-stories/schwarzwald-sprudel,200,True,Indexable,,https://www.atlascopco.com/en-us/compressors/news-and-stories/schwarzwald-sprudel
https://www.atlascopco.com/en-us/compressors/news-and-stories/farmalogica,200,True,Indexable,,https://www.atlascopco.com/en-us/compressors/news-and-stories/farmalogica
https://www.atlascopco.com/en-us/compressors/news-and-stories/sydvaranger,200,True,Indexable,,https://www.atlascopco.com/en-us/compressors/news-and-stories/sydvaranger
https://www.atlascopco.com/en-us/compressors/news-and-stories/gomelast,200,True,Indexable,,https://www.atlascopco.com/en-us/compressors/news-and-stories/gomelast
https://www.atlascopco.com/en-us/compressors/news-and-stories/wahaha,200,True,Indexable,,https://www.atlascopco.com/en-us/compressors/news-and-stories/wahaha
https://www.atlascopco.com/en-us/compressors/news-and-stories/cargill,200,True,Indexable,,https://www.atlascopco.com/en-us/compressors/news-and-stories/cargill
https://www.atlascopco.com/en-us/compressors/news-and-stories/saint-gobain,200,True,Indexable,,https://www.atlascopco.com/en-us/compressors/news-and-stories/saint-gobain
https://www.atlascopco.com/en-us/compressors/news-and-stories/princess-gate-spring-water,200,True,Indexable,,https://www.atlascopco.com/en-us/compressors/news-and-stories/princess-gate-spring-water
https://www.atlascopco.com/en-us/compressors/news-and-stories/siyaram,200,True,Indexable,,https://www.atlascopco.com/en-us/compressors/news-and-stories/siyaram
https://www.atlascopco.com/en-us/compressors/news-and-stories/kolak,200,True,Indexable,,https://www.atlascopco.com/en-us/compressors/news-and-stories/kolak
https://www.atlascopco.com/en-us/compressors/news-and-stories/henkel,200,True,Indexable,,https://www.atlascopco.com/en-us/compressors/news-and-stories/henkel
https://www.atlascopco.com/en-us/compressors/news-and-stories/iff,200,True,Indexable,,https://www.atlascopco.com/en-us/compressors/news-and-stories/iff
https://www.atlascopco.com/en-us/compressors/news-and-stories/fritolay-wwt-succes-story,200,True,Indexable,,https://www.atlascopco.com/en-us/compressors/news-and-stories/fritolay-wwt-succes-story
https://www.atlascopco.com/en-us/compressors/news-and-stories/sanderson,200,True,Indexable,,https://www.atlascopco.com/en-us/compressors/news-and-stories/sanderson
https://www.atlascopco.com/en-us/compressors/news-and-stories/success-story-oman-cement-company-za-zs-ga-vsd,200,True,Indexable,,https://www.atlascopco.com/en-us/compressors/news-and-stories/success-story-oman-cement-company-za-zs-ga-vsd
https://www.atlascopco.com/en-us/compressors/news-and-stories/zs-vsd-landfill-seepage-muenster,200,True,Indexable,,https://www.atlascopco.com/en-us/compressors/news-and-stories/zs-vsd-landfill-seepage-muenster
https://www.atlascopco.com/en-us/compressors/news-and-stories/municipal-wastewater-treatment-success-story-zs,200,True,Indexable,,https://www.atlascopco.com/en-us/compressors/news-and-stories/municipal-wastewater-treatment-success-story-zs
https://www.atlascopco.com/en-us/compressors/news-and-stories/zs-ibbenburen-power-plant-customer-story0,200,True,Indexable,,https://www.atlascopco.com/en-us/compressors/news-and-stories/zs-ibbenburen-power-plant-customer-story0
https://www.atlascopco.com/en-us/compressors/contact-number/air-compressor-service-washington-dc,200,True,Indexable,,https://www.atlascopco.com/en-us/compressors/contact-number/air-compressor-service-washington-dc
https://www.atlascopco.com/en-us/compressors/contact-number/air-compressor-service-elgin-illinois,200,True,Indexable,,https://www.atlascopco.com/en-us/compressors/contact-number/air-compressor-service-elgin-illinois
https://www.atlascopco.com/en-us/compressors/contact-number/air-compressor-service-peabody-massachusetts,200,True,Indexable,,https://www.atlascopco.com/en-us/compressors/contact-number/air-compressor-service-peabody-massachusetts
https://www.atlascopco.com/en-us/compressors/contact-number/air-compressor-service-lombard-illinois,200,True,Indexable,,https://www.atlascopco.com/en-us/compressors/contact-number/air-compressor-service-lombard-illinois
https://www.atlascopco.com/en-us/compressors/contact-number/air-compressor-service-normal-illinois,200,True,Indexable,,https://www.atlascopco.com/en-us/compressors/contact-number/air-compressor-service-normal-illinois
https://www.atlascopco.com/en-us/compressors/contact-number/air-compressor-service-new-castle-delaware,200,True,Indexable,,https://www.atlascopco.com/en-us/compressors/contact-number/air-compressor-service-new-castle-delaware
https://www.atlascopco.com/en-us/compressors/contact-number/air-compressor-service-dorchester-center-massachusetts,200,True,Indexable,,https://www.atlascopco.com/en-us/compressors/contact-number/air-compressor-service-dorchester-center-massachusetts
https://www.atlascopco.com/en-us/compressors/locate-us/air-compressor-location-omaha-nebraska,200,True,Indexable,,https://www.atlascopco.com/en-us/compressors/locate-us/air-compressor-location-omaha-nebraska
https://www.atlascopco.com/en-us/compressors/locate-us/air-compressor-location-seattle-washington,200,True,Indexable,,https://www.atlascopco.com/en-us/compressors/locate-us/air-compressor-location-seattle-washington
https://www.atlascopco.com/en-us/compressors/locate-us/air-compressor-location-macon-georgia,200,True,Indexable,,https://www.atlascopco.com/en-us/compressors/locate-us/air-compressor-location-macon-georgia
https://www.atlascopco.com/en-us/compressors/locate-us/air-compressor-location-lincoln-nebraska,200,True,Indexable,,https://www.atlascopco.com/en-us/compressors/locate-us/air-compressor-location-lincoln-nebraska
https://www.atlascopco.com/en-us/compressors/locate-us/air-compressor-location-new-brunswick-newjersey,200,True,Indexable,,https://www.atlascopco.com/en-us/compressors/locate-us/air-compressor-location-new-brunswick-newjersey
https://www.atlascopco.com/en-us/compressors/locate-us/air-compressor-location-austin-texas,200,True,Indexable,,https://www.atlascopco.com/en-us/compressors/locate-us/air-compressor-location-austin-texas
https://www.atlascopco.com/en-us/compressors/locate-us/air-compressor-location-vancouver-washington,200,True,Indexable,,https://www.atlascopco.com/en-us/compressors/locate-us/air-compressor-location-vancouver-washington
https://www.atlascopco.com/en-us/compressors/locate-us/air-compressor-location-fort-worth-texas,200,True,Indexable,,https://www.atlascopco.com/en-us/compressors/locate-us/air-compressor-location-fort-worth-texas
