Source URL,Broken Links On Page
https://www.atlascopco.com/en-us/compressors/product-safety-product-quality,75
https://www.atlascopco.com/en-us/compressors/smart-factory,73
https://www.atlascopco.com/en-us/compressors/variable-speed-compressors/more-than-air-compressor,73
https://www.atlascopco.com/en-us/compressors/products/air-compressor/oil-free-air-compressors/rotary-screw-air-compressors-zr-zt,72
https://www.atlascopco.com/en-us/compressors/wiki,70
https://www.atlascopco.com/en-us/compressors/wiki/compressed-air-articles/what-is-digital-transformation,70
https://www.atlascopco.com/en-us/compressors/products/nitrogen-generators,70
https://www.atlascopco.com/en-us/compressors/wiki/compressed-air-articles/electronic-manufacturing-services-market,68
https://www.atlascopco.com/en-us/compressors/service/efficiency,68
https://www.atlascopco.com/en-us/compressors/products/air-compressor/oil-free-air-compressors/centrifugal-compressor-zh-zhplus,67
https://www.atlascopco.com/en-us/compressors/wiki/airtreatment/what-is-structured-desiccant,67
https://www.atlascopco.com/en-us/compressors/wiki/compressed-air-articles/compressor-room,67
https://www.atlascopco.com/en-us/compressors/products/air-compressor,67
https://www.atlascopco.com/en-us/compressors/products/air-blowers,67
https://www.atlascopco.com/en-us/compressors/wiki/compressed-air-articles/what-is-nitrogen-gas,67
https://www.atlascopco.com/en-us/compressors/wiki/compressed-air-articles/fire-suppression,66
https://www.atlascopco.com/en-us/compressors/wiki/compressed-air-articles/what-is-laser-cutting,66
https://www.atlascopco.com/en-us/compressors/wiki/compressed-air-articles/what-is-a-vsd-compressor,66
https://www.atlascopco.com/en-us/compressors/product-selector,66
https://www.atlascopco.com/en-us/compressors/products/air-compressor/rotary-screw-compressor/ga-plus-screw-compressor,65
https://www.atlascopco.com/en-us/compressors/wiki/compressed-air-articles/cost-of-compressed-air,65
https://www.atlascopco.com/en-us/compressors/products/air-compressor/rotary-screw-compressor/ga-series,65
https://www.atlascopco.com/en-us/compressors/products/air-compressor/oil-free-air-compressors/rotary-tooth,65
https://www.atlascopco.com/en-us/compressors/smart-factory/compressed-air-connectivity-solutions,65
https://www.atlascopco.com/en-us/compressors/news-and-stories/henkel,65
https://www.atlascopco.com/en-us/compressors/oxygen-generation,65
https://www.atlascopco.com/en-us/compressors/news-and-stories/bic,65
https://www.atlascopco.com/en-us/compressors/products/air-blowers/rotary-screw-blower-zs-vsd,65
https://www.atlascopco.com/en-us/compressors/wiki/compressed-air-articles/heat-pumps-spray-drying,64
https://www.atlascopco.com/en-us/compressors/wiki/compressed-air-articles/optimal-working-conditions-compressor-room,64
https://www.atlascopco.com/en-us/compressors/wiki/compressed-air-articles/piston-compressors,64
https://www.atlascopco.com/en-us/compressors/news-and-stories/sanderson,64
https://www.atlascopco.com/en-us/compressors/wiki/compressed-air-articles/over-the-air-updates-for-compressors,64
https://www.atlascopco.com/en-us/compressors/smart-factory/smart-small-compressor,64
https://www.atlascopco.com/en-us/compressors/products/gas-compressors,64
https://www.atlascopco.com/en-us/compressors/smart-factory/smart-factory-of-the-future,64
https://www.atlascopco.com/en-us/compressors/customerbenefit/class-0-iso-8573-1,64
https://www.atlascopco.com/en-us/compressors/wiki/compressed-air-articles/sustainability-faq,64
https://www.atlascopco.com/en-us/compressors/wiki/compressed-air-articles/compressed-hydrogen-safety-concerns,64
https://www.atlascopco.com/en-us/compressors/products/air-compressor/oil-free-air-compressors/low-pressure-screw-compressor-ze-za-vsd,64
https://www.atlascopco.com/en-us/compressors/products/air-compressor/oil-free-air-compressors/single-stage-centrifugal-air-compressor-zhl,63
https://www.atlascopco.com/en-us/compressors/wiki/compressed-air-articles/benefits-remote-compressor-connection,63
https://www.atlascopco.com/en-us/compressors/variable-speed-compressors/vsd-fact-checks/vsd-fact-checks-compressors-in-mining,63
https://www.atlascopco.com/en-us/compressors/variable-speed-compressors/vsd-fact-checks/best-compressor-in-dusty-environment,63
https://www.atlascopco.com/en-us/compressors/products/air-compressor/rotary-screw-compressor/aircube-containerized-compressor-room,63
https://www.atlascopco.com/en-us/compressors/products/air-compressor/piston-compressor-north-america,63
https://www.atlascopco.com/en-us/compressors/products/air-compressor/piston-compressor/professional-piston-compressor/cr-series,63
https://www.atlascopco.com/en-us/compressors/products/air-compressor/rotary-screw-compressor/ga-screw-compressor,63
https://www.atlascopco.com/en-us/compressors/products/air-dryers/desiccant-air-dryers/cd-plus-cerades,63
https://www.atlascopco.com/en-us/compressors/news-and-stories/schwarzwald-sprudel,63
https://www.atlascopco.com/en-us/compressors/wiki/compressed-air-articles/what-is-oil-water-separator,63
https://www.atlascopco.com/en-us/compressors/wiki/compressed-air-articles/ohm-laws,63
https://www.atlascopco.com/en-us/compressors/wiki/compressed-air-articles/electrolyzers-as-hydrogen-production-technologies,63
https://www.atlascopco.com/en-us/compressors/products/air-blowers/lobe-blowers-zl,63
https://www.atlascopco.com/en-us/compressors/products/air-blowers/turbo-blowers-oil-free-air-zb-vsd,63
https://www.atlascopco.com/en-us/compressors/wiki/compressed-air-articles/nitrogen-oxygen-purity-cost,63
https://www.atlascopco.com/en-us/compressors/service/parts/compressor-oil,63
https://www.atlascopco.com/en-us/compressors/wiki/compressed-air-articles/transient-losses,63
https://www.atlascopco.com/en-us/compressors/wiki/compressed-air-articles/what-is-a-dual-speed-compressor,63
https://www.atlascopco.com/en-us/compressors/products/processairgasequipment/centrifugal-compressors/gt-series-centrifugal-compressor,63
https://www.atlascopco.com/en-us/compressors/smart-factory/connectivity-scada-connection,63
https://www.atlascopco.com/en-us/compressors/products/oxygen-generators/ogp-psa,63
https://www.atlascopco.com/en-us/compressors/wiki/compressed-air-articles/what-is-an-air-compressor-booster,63
https://www.atlascopco.com/en-us/compressors/service/parts,63
https://www.atlascopco.com/en-us/compressors/products/mobility-compressors,63
https://www.atlascopco.com/en-us/compressors/products/gas-compressors/hx-hn-reciprocating-gas-compressor,63
https://www.atlascopco.com/en-us/compressors/wiki/compressed-air-articles/flow-control,62
https://www.atlascopco.com/en-us/compressors/wiki/compressed-air-articles/scroll-compressors,62
https://www.atlascopco.com/en-us/compressors/wiki/compressed-air-articles/screw-vs-roots-blower-use-right-technology,62
https://www.atlascopco.com/en-us/compressors/wiki/compressed-air-articles/thermodynamics-heattransfer,62
https://www.atlascopco.com/en-us/compressors/service/aftermarket-turbomachinery/am-breakdown-repair-service,62
https://www.atlascopco.com/en-us/compressors/products/gas-compressors/cu-heavy-duty-compressor,62
https://www.atlascopco.com/en-us/compressors/products/mobility-compressors/railway-filtration-solutions,62
https://www.atlascopco.com/en-us/compressors/service/plans/total-responsibility,62
https://www.atlascopco.com/en-us/compressors/service/parts/line-filters,62
https://www.atlascopco.com/en-us/compressors/wiki/compressed-air-articles/pet-bottle-blowing-problems,62
https://www.atlascopco.com/en-us/compressors/locate-us/air-compressor-location-lincoln-nebraska,62
https://www.atlascopco.com/en-us/compressors/wiki/compressed-air-articles/the-right-compressed-air-pressure-for-cement-plants,62
https://www.atlascopco.com/en-us/compressors/products/oil-free-air-and-nitrogen-boosters,62
https://www.atlascopco.com/en-us/compressors/service/efficiency/compressor-monitoring,62
https://www.atlascopco.com/en-us/compressors/wiki/compressed-air-articles/what-is-compressed-air,62
https://www.atlascopco.com/en-us/compressors/wiki/compressed-air-articles/what-is-condensate-in-air,62
https://www.atlascopco.com/en-us/compressors/service/efficiency/air-compressor-audit,62
https://www.atlascopco.com/en-us/compressors/service/plans/preventive-maintenance,62
https://www.atlascopco.com/en-us/compressors/wiki/compressed-air-articles/cda-clean-dry-air-semiconductor-industry,62
https://www.atlascopco.com/en-us/compressors/wiki/compressed-air-articles/air-blowers-working-principle-types-applications,62
https://www.atlascopco.com/en-us/compressors/wiki/airtreatment/variable-speed-drive-refrigerant-air-dryer,62
https://www.atlascopco.com/en-us/compressors/service/efficiency/compressor-control-system,62
https://www.atlascopco.com/en-us/compressors/service/plans,62
https://www.atlascopco.com/en-us/compressors/products/gas-compressors/carbon-dioxide-co2-compressor,62
https://www.atlascopco.com/en-us/compressors/guides-and-ebooks/ebook-energy-recovery,62
https://www.atlascopco.com/en-us/compressors/news-and-stories/saint-gobain,62
https://www.atlascopco.com/en-us/compressors/news-and-stories/princess-gate-spring-water,62
https://www.atlascopco.com/en-us/compressors/products/air-compressor/oil-free-air-compressors/booster-air-compressor-zd,62
https://www.atlascopco.com/en-us/compressors/products/air-compressor/centrifugal-compressor,62
https://www.atlascopco.com/en-us/compressors/news-and-stories/wahaha,62
https://www.atlascopco.com/en-us/compressors/products/air-blowers/oil-free-multistage-centrifugal-blower-zm,62
https://www.atlascopco.com/en-us/compressors/news-and-stories/sydvaranger,62
https://www.atlascopco.com/en-us/compressors/news-and-stories/siyaram,62
https://www.atlascopco.com/en-us/compressors/wiki/compressed-air-articles/oxygen-generators-for-biogas,62
https://www.atlascopco.com/en-us/compressors/wiki/compressed-air-articles/oxygen-generators-biogas-hydrogen-sulfide-removal,62
https://www.atlascopco.com/en-us/compressors/news-and-stories/gomelast,62
https://www.atlascopco.com/en-us/compressors/wiki/compressed-air-articles/load-unload-stop-control,62
https://www.atlascopco.com/en-us/compressors/news-and-stories/iff,62
https://www.atlascopco.com/en-us/compressors/wiki/compressed-air-articles/membrane-nitrogen-technology,62
https://www.atlascopco.com/en-us/compressors/wiki/compressed-air-articles/importance-compressed-air-treatment,62
https://www.atlascopco.com/en-us/compressors/wiki/compressed-air-articles/instrument-air-quality,62
https://www.atlascopco.com/en-us/compressors/wiki/compressed-air-articles/calculating-working-pressure,62
https://www.atlascopco.com/en-us/compressors/wiki/compressed-air-articles/co2-vs-compressed-air,62
https://www.atlascopco.com/en-us/compressors/wiki/compressed-air-articles/compressed-air-quality-testing,62
https://www.atlascopco.com/en-us/compressors/variable-speed-compressors/air-compressor-reliability,62
https://www.atlascopco.com/en-us/compressors/variable-speed-compressors/reduced-air-compressor-electricity-consumption,62
https://www.atlascopco.com/en-us/compressors/products/air-compressor/oil-free-air-compressors/zp-pet-bottle-compressor,62
https://www.atlascopco.com/en-us/compressors/products/air-compressor/rotary-screw-compressor/ga-flx,62
https://www.atlascopco.com/en-us/compressors/wiki/compressed-air-articles/contaminants-in-air,62
https://www.atlascopco.com/en-us/compressors/variable-speed-compressors/smart-factory,62
https://www.atlascopco.com/en-us/compressors/wiki/compressed-air-articles/pressure-dew-point,61
https://www.atlascopco.com/en-us/compressors/wiki/compressed-air-articles/opc-ua-and-its-benefits,61
https://www.atlascopco.com/en-us/compressors/wiki/compressed-air-articles/oil-injected-screw-compressors-machinery-industry,61
https://www.atlascopco.com/en-us/compressors/wiki/compressed-air-articles/oil-free-or-lubricated-compressor,61
https://www.atlascopco.com/en-us/compressors/wiki/compressed-air-articles/reciprocating-compressors,61
https://www.atlascopco.com/en-us/compressors/air-treatment,61
https://www.atlascopco.com/en-us/compressors/wiki/compressed-air-articles/pressure-swing-adsorption-generator,61
https://www.atlascopco.com/en-us/compressors/news-and-stories/farmalogica,61
https://www.atlascopco.com/en-us/compressors/news-and-stories/ems,61
https://www.atlascopco.com/en-us/compressors/locate-us/air-compressor-location-fort-worth-texas,61
https://www.atlascopco.com/en-us/compressors/news-and-stories/kolak,61
https://www.atlascopco.com/en-us/compressors/locate-us/air-compressor-location-new-brunswick-newjersey,61
https://www.atlascopco.com/en-us/compressors/locate-us/air-compressor-location-seattle-washington,61
https://www.atlascopco.com/en-us/compressors/locate-us/air-compressor-location-vancouver-washington,61
https://www.atlascopco.com/en-us/compressors/locate-us/air-compressor-location-austin-texas,61
https://www.atlascopco.com/en-us/compressors/wiki/compressed-air-articles/dynamic-compressors-regulation,61
https://www.atlascopco.com/en-us/compressors/wiki/compressed-air-articles/dynamic-compressors,61
https://www.atlascopco.com/en-us/compressors/wiki/compressed-air-articles/displacement-compressors-regulation,61
https://www.atlascopco.com/en-us/compressors/wiki/compressed-air-articles/energy-recovery,61
https://www.atlascopco.com/en-us/compressors/wiki/compressed-air-articles/how-long-to-replace-compressor,61
https://www.atlascopco.com/en-us/compressors/on-site-oxygen-generation,61
https://www.atlascopco.com/en-us/compressors/products/air-compressor/oil-free-air-compressors,61
https://www.atlascopco.com/en-us/compressors/news-and-stories/cargill,61
https://www.atlascopco.com/en-us/compressors/products/air-filters,61
https://www.atlascopco.com/en-us/compressors/products/air-dryers/refrigerant-air-dryers/fdh-air-refrigerant-dryer,61
https://www.atlascopco.com/en-us/compressors/wiki/compressed-air-articles/air-moistair,61
https://www.atlascopco.com/en-us/compressors/wiki/compressed-air-articles/check-nitrogen-purity,61
https://www.atlascopco.com/en-us/compressors/variable-speed-compressors/vsd-fact-checks/fixed-speed-vs-stable-air-demand,61
https://www.atlascopco.com/en-us/compressors/variable-speed-compressors/vsd-fact-checks/fact-check-vsd-is-not-for-full-speed,61
https://www.atlascopco.com/en-us/compressors/variable-speed-compressors/vsd-fact-checks/inverter-compressors-is-no-different-than-standard-drives,61
https://www.atlascopco.com/en-us/compressors/variable-speed-compressors/vsd-fact-checks/vsd-less-efficient-at-full-load,61
https://www.atlascopco.com/en-us/compressors/products/air-compressor/piston-compressor-north-america/cr-series,61
https://www.atlascopco.com/en-us/compressors/products/air-compressor/rotary-screw-compressor/ga-vsds-series,61
https://www.atlascopco.com/en-us/compressors/products/air-compressor/rotary-screw-compressor/g-series-oil-lubricated,61
https://www.atlascopco.com/en-us/compressors/products/air-compressor/rotary-screw-compressor/g2-7vsd,61
https://www.atlascopco.com/en-us/compressors/products/air-dryers,61
https://www.atlascopco.com/en-us/compressors/products/air-compressor/rotary-screw-compressor/g2-7,61
https://www.atlascopco.com/en-us/compressors/products/air-compressor/rotary-screw-compressor/ga-37-45-plus,61
https://www.atlascopco.com/en-us/compressors/products/air-compressor/rotary-screw-compressor/two-stage-compressor-gr-110-200,61
https://www.atlascopco.com/en-us/compressors/wiki/compressed-air-articles/choosing-an-air-compressor,61
https://www.atlascopco.com/en-us/compressors/wiki/compressed-air-articles/choosing-a-dryer,61
https://www.atlascopco.com/en-us/compressors/wiki/compressed-air-articles/choosing-compressor-type,61
https://www.atlascopco.com/en-us/compressors/products/air-compressor/oil-free-air-compressors/reciprocating-piston-compressors-hx-hn-15,61
https://www.atlascopco.com/en-us/compressors/wiki/compressed-air-articles/carbon-dioxide-uses,61
https://www.atlascopco.com/en-us/compressors/variable-speed-compressors/vsd-fact-checks/when-vsd-is-not-compatible-with-existing-vsd,61
https://www.atlascopco.com/en-us/compressors/variable-speed-compressors/vsd-fact-checks/vsd-compressors-electronics-not-overloaded,61
https://www.atlascopco.com/en-us/compressors/wiki/compressed-air-articles/compressed-air-quality,61
https://www.atlascopco.com/en-us/compressors/service/plans/inspection,61
https://www.atlascopco.com/en-us/compressors/variable-speed-compressors,61
https://www.atlascopco.com/en-us/compressors/variable-speed-compressors/low-emissions,61
https://www.atlascopco.com/en-us/compressors/variable-speed-compressors/vsd-fact-checks/vsd-not-best-for-multiple-compressors,61
https://www.atlascopco.com/en-us/compressors/products/gas-compressors/h2y-high-pressure-hydrogen-compressor,61
https://www.atlascopco.com/en-us/compressors/products/compressed-air-ancillaries/air-receivers/starting-marine,61
https://www.atlascopco.com/en-us/compressors/service/efficiency/compressed-air-measurement,61
https://www.atlascopco.com/en-us/compressors/service/efficiency/air-quality,61
https://www.atlascopco.com/en-us/compressors/products/gas-compressors/h2p-hydrogen-compressor-power-to-gas,61
https://www.atlascopco.com/en-us/compressors/service/parts/fixed-price-service,61
https://www.atlascopco.com/en-us/compressors/service/parts/compressor-repair-any-brand,61
https://www.atlascopco.com/en-us/compressors/service/plans/totalcare,61
https://www.atlascopco.com/en-us/compressors/service/parts/upgrade-programs,61
https://www.atlascopco.com/en-us/compressors/products/nitrogen-generators/lc-laser-cutting-range,61
https://www.atlascopco.com/en-us/compressors/products/compressed-air-ancillaries/air-receivers/working-on-board-marine,61
https://www.atlascopco.com/en-us/compressors/products/condensate-treatment/osc-12-2500-oil-water-separator,61
https://www.atlascopco.com/en-us/compressors/service/aftermarket-turbomachinery/am-advanced-services,61
https://www.atlascopco.com/en-us/compressors/service/aftermarket-turbomachinery/oda-analysis,61
https://www.atlascopco.com/en-us/compressors/products/processairgasequipment/centrifugal-compressors/t-series-compressors,61
https://www.atlascopco.com/en-us/compressors/products/processairgasequipment/centrifugal-compressors/aero-block-compressor,61
https://www.atlascopco.com/en-us/compressors/wiki/compressed-air-articles/tooth-compressors,61
https://www.atlascopco.com/en-us/compressors/service/aftermarket-turbomachinery/am-erection-and-commissioning,61
https://www.atlascopco.com/en-us/compressors/wiki/compressed-air-articles/upgrade-cement-plant-energy-efficient-equipment-carbon-capture-solutions,61
https://www.atlascopco.com/en-us/compressors/wiki/compressed-air-articles/types-of-air-compressors,61
https://www.atlascopco.com/en-us/compressors/wiki/compressed-air-articles/technical-aspects-absolute-filtration-classzero,61
https://www.atlascopco.com/en-us/compressors/wiki/compressed-air-articles/scroll-vs-screw-compressor,61
https://www.atlascopco.com/en-us/compressors/wiki/compressed-air-articles/vane-compressors,61
https://www.atlascopco.com/en-us/compressors/wiki/compressed-air-articles/using-waste-heat,61
https://www.atlascopco.com/en-us/compressors/wiki/compressed-air-articles/roots-blowers,61
https://www.atlascopco.com/en-us/compressors/wiki/compressed-air-articles/replacing-an-air-compressor,61
https://www.atlascopco.com/en-us/compressors/wiki/compressed-air-articles/the-importance-of-getting-gas-compressor-sizing-right,61
https://www.atlascopco.com/en-us/compressors/gap-campaign/cut-the-carbon/industrial-heat-pumps,61
https://www.atlascopco.com/en-us/compressors/wiki/compressed-air-unit-conversion,60
https://www.atlascopco.com/en-us/compressors/contact-number/air-compressor-service-dorchester-center-massachusetts,60
https://www.atlascopco.com/en-us/compressors/contact-number/air-compressor-service-elgin-illinois,60
https://www.atlascopco.com/en-us/compressors/contact-number/air-compressor-service-lombard-illinois,60
https://www.atlascopco.com/en-us/compressors/contact-number/air-compressor-service-new-castle-delaware,60
https://www.atlascopco.com/en-us/compressors/products/air-compressor/oil-free-air-compressors/aq-water-injected,60
https://www.atlascopco.com/en-us/compressors/products/air-compressor/oil-free-air-compressors/lf-industrial-piston,60
https://www.atlascopco.com/en-us/compressors/products/air-compressor/oil-free-air-compressors/lfx-compact-piston,60
https://www.atlascopco.com/en-us/compressors/wiki/compressed-air-articles/how-to-pick-an-inline-compressor-filter,60
https://www.atlascopco.com/en-us/compressors/news-and-stories/municipal-wastewater-treatment-success-story-zs,60
https://www.atlascopco.com/en-us/compressors/news-and-stories/success-story-oman-cement-company-za-zs-ga-vsd,60
https://www.atlascopco.com/en-us/compressors/news-and-stories/zs-ibbenburen-power-plant-customer-story0,60
https://www.atlascopco.com/en-us/compressors/news-and-stories/zs-vsd-landfill-seepage-muenster,60
https://www.atlascopco.com/en-us/compressors/process-filtration,60
https://www.atlascopco.com/en-us/compressors/wiki/compressed-air-articles/electrical-installation,60
https://www.atlascopco.com/en-us/compressors/wiki/compressed-air-articles/electricity-power,60
https://www.atlascopco.com/en-us/compressors/wiki/compressed-air-articles/faq-pet-compressors-boosters-blow-molding-bottles,60
https://www.atlascopco.com/en-us/compressors/wiki/compressed-air-articles/fgas-regulations,60
https://www.atlascopco.com/en-us/compressors/wiki/compressed-air-articles/future-proof-co2-carbon-capture-system,60
https://www.atlascopco.com/en-us/compressors/wiki/compressed-air-articles/gasflow-throttling,60
https://www.atlascopco.com/en-us/compressors/wiki/compressed-air-articles/generating-nitrogen-membrane,60
https://www.atlascopco.com/en-us/compressors/wiki/compressed-air-articles/getting-compressor-ready-for-winter,60
https://www.atlascopco.com/en-us/compressors/wiki/compressed-air-articles/difference-bar-gauge-bar-absolute,60
https://www.atlascopco.com/en-us/compressors/wiki/compressed-air-articles/difference-industrial-gas-purity-quality,60
https://www.atlascopco.com/en-us/compressors/wiki/compressed-air-articles/different-ways-of-getting-nitrogen,60
https://www.atlascopco.com/en-us/compressors/wiki/compressed-air-articles/dimensioning-compressor-installations,60
https://www.atlascopco.com/en-us/compressors/wiki/compressed-air-articles/displacement-and-dynamic-compression,60
https://www.atlascopco.com/en-us/compressors/wiki/compressed-air-articles/drying-compressed-air,60
https://www.atlascopco.com/en-us/compressors/wiki/compressed-air-articles/electric-motor,60
https://www.atlascopco.com/en-us/compressors/products/process-filtration/filter-bags,60
https://www.atlascopco.com/en-us/compressors/products/process-filtration/housings,60
https://www.atlascopco.com/en-us/compressors/products/process-filtration/housings/sanitary-housings,60
https://www.atlascopco.com/en-us/compressors/products/process-filtration,60
https://www.atlascopco.com/en-us/compressors/products/process-filtration/cartridges,60
https://www.atlascopco.com/en-us/compressors/products/process-filtration/cartridges/activated-carbon-filters,60
https://www.atlascopco.com/en-us/compressors/products/process-filtration/cartridges/melt-blown-filters,60
https://www.atlascopco.com/en-us/compressors/products/process-filtration/cartridges/pleated-fiber-filters,60
https://www.atlascopco.com/en-us/compressors/products/process-filtration/cartridges/pleated-membrane-filters,60
https://www.atlascopco.com/en-us/compressors/products/process-filtration/cartridges/stainless-steel-filters,60
https://www.atlascopco.com/en-us/compressors/products/oil-free-air-and-nitrogen-boosters/lb-booster,60
https://www.atlascopco.com/en-us/compressors/products/oil-free-air-and-nitrogen-boosters/reciprocating-nitrogen-boosters-and-air-boosters-dx-dn-vsd,60
https://www.atlascopco.com/en-us/compressors/products/oxygen-generators/ogp-plus-3-30-psa,60
https://www.atlascopco.com/en-us/compressors/wiki/compressed-air-articles/understanding-carbon-dioxide-recovery-and-utilization,60
https://www.atlascopco.com/en-us/compressors/wiki/compressed-air-articles/what-is-an-air-receiver,60
https://www.atlascopco.com/en-us/compressors/products/nitrogen-generators/ngms-1-3,60
https://www.atlascopco.com/en-us/compressors/products/nitrogen-generators/ngp-plus-premium-n2-with-psa,60
https://www.atlascopco.com/en-us/compressors/products/nitrogen-generators/ngps-2-9-psa,60
https://www.atlascopco.com/en-us/compressors/products/nitrogen-generators/nph-nitrogen-purifier-through-hydrogen,60
https://www.atlascopco.com/en-us/compressors/products/gas-generator,60
https://www.atlascopco.com/en-us/compressors/products/marine-compressors/lt-ke-water-cooled,60
https://www.atlascopco.com/en-us/compressors/products/marine-compressors/mas,60
https://www.atlascopco.com/en-us/compressors/service/efficiency/energy-recovery,60
https://www.atlascopco.com/en-us/compressors/service/parts/air-compressor-filters,60
https://www.atlascopco.com/en-us/compressors/products/condensate-treatment/wsd-ewd-iwd-wd-twd,60
https://www.atlascopco.com/en-us/compressors/products/condensate-treatment/wsd-ewd-wd-twd1,60
https://www.atlascopco.com/en-us/compressors/products/condensate-treatment/wsd-water-separator,60
https://www.atlascopco.com/en-us/compressors/products/gas-compressors/bbr-natural-gas-compressor,60
https://www.atlascopco.com/en-us/compressors/service/aftermarket-turbomachinery/turbo-preventative-maintenance,60
https://www.atlascopco.com/en-us/compressors/products/processairgasequipment/centrifugal-compressors/hp-bog-compressor,60
https://www.atlascopco.com/en-us/compressors/products/processairgasequipment/centrifugal-compressors/rt-series-compressors,60
https://www.atlascopco.com/en-us/compressors/products/processairgasequipment/centrifugalexpanders/gap-expander-generators,60
https://www.atlascopco.com/en-us/compressors/products/air-compressor/rotary-screw-compressor/oil-lubricated-screw-compressor-ga-180-315-vsd-plus,60
https://www.atlascopco.com/en-us/compressors/products/air-dryers/desiccant-air-dryers/bd-plus-cd-plus-xd-plus-twin-tower-dessicant-dryers,60
https://www.atlascopco.com/en-us/compressors/wiki/compressed-air-articles/cooling-system-water-cooled-and-air-cooled,60
https://www.atlascopco.com/en-us/compressors/wiki/compressed-air-articles/cost-saving-opportunities,60
https://www.atlascopco.com/en-us/compressors/wiki/compressed-air-articles/data-monitoring,60
https://www.atlascopco.com/en-us/compressors/wiki/compressed-air-articles/compressor-maintenance,60
https://www.atlascopco.com/en-us/compressors/wiki/compressed-air-articles/compressor-sound,60
https://www.atlascopco.com/en-us/compressors/products/air-compressor/oil-free-air-compressors/lfxd-dental,60
https://www.atlascopco.com/en-us/compressors/products/air-compressor/rotary-screw-compressor,60
https://www.atlascopco.com/en-us/compressors/wiki/compressed-air-articles/centralization-or-decentralization,60
https://www.atlascopco.com/en-us/compressors/wiki/compressed-air-articles/changes-of-state-gases,60
https://www.atlascopco.com/en-us/compressors/wiki/compressed-air-articles/chmprehensive-control,60
https://www.atlascopco.com/en-us/compressors/wiki/compressed-air-articles/compressed-air-applications,60
https://www.atlascopco.com/en-us/compressors/wiki/compressed-air-articles/compressed-air-distribution,60
https://www.atlascopco.com/en-us/compressors/wiki/compressed-air-articles/compressed-gases-risks-wet-co2,60
https://www.atlascopco.com/en-us/compressors/wiki/compressed-air-articles/compressor-controls,60
https://www.atlascopco.com/en-us/compressors/wiki/compressed-air-articles/compressor-life-cycle-cost,60
https://www.atlascopco.com/en-us/compressors/wiki/compressed-air-articles/air-dryers-types-and-function,60
https://www.atlascopco.com/en-us/compressors/wiki/compressed-air-articles/air-flow-regulation,60
https://www.atlascopco.com/en-us/compressors/wiki/compressed-air-articles/airqualityoperatingcosts,60
https://www.atlascopco.com/en-us/compressors/wiki/compressed-air-articles/alternating-current,60
https://www.atlascopco.com/en-us/compressors/wiki/compressed-air-articles/assessment-or-audit,60
https://www.atlascopco.com/en-us/compressors/wiki/compressed-air-articles/calculating-and-measuring-air-requirement,60
https://www.atlascopco.com/en-us/compressors/wiki/compressed-air-articles/central-control,60
https://www.atlascopco.com/en-us/compressors/variable-speed-compressors/vsd-fact-checks/most-compressor-have-stable-airflow,60
https://www.atlascopco.com/en-us/compressors/variable-speed-compressors/vsd-fact-checks/vsd-compressors-are-less-reliable-then-fixed-speed-compressors,60
https://www.atlascopco.com/en-us/compressors/variable-speed-compressors/vsd-fact-checks/vsd-compressors-are-not-suitable-for-small-workshop,60
https://www.atlascopco.com/en-us/compressors/variable-speed-compressors/vsd-fact-checks/vsd-compressors-complicated-to-operate,60
https://www.atlascopco.com/en-us/compressors/variable-speed-compressors/vsd-fact-checks/vsd-compressors-have-higher-risk-of-failure,60
https://www.atlascopco.com/en-us/compressors/variable-speed-compressors/vsd-fact-checks/vsd-same-working-principle,60
https://www.atlascopco.com/en-us/compressors/smart-factory/ai-compressor-management,60
https://www.atlascopco.com/en-us/compressors/variable-speed-compressors/quiet-air-compressor-installation,60
https://www.atlascopco.com/en-us/compressors/variable-speed-compressors/versatility-and-custom-performance,60
https://www.atlascopco.com/en-us/compressors/service/parts/compressor-oil/1630204105-rotoultra,60
https://www.atlascopco.com/en-us/compressors/service/parts/compressor-oil/2901170000-rotoxtend,60
https://www.atlascopco.com/en-us/compressors/service/parts/compressor-oil/2908850101-rotoz,60
https://www.atlascopco.com/en-us/compressors/service/parts/maintenance-kits,60
https://www.atlascopco.com/en-us/compressors/service/plans/air-plan,60
https://www.atlascopco.com/en-us/compressors/service/plans/extended-warranty,60
https://www.atlascopco.com/en-us/compressors/service/plans/parts-plan,60
https://www.atlascopco.com/en-us/compressors/products/nitrogen-generators/high-pressure-skid,60
https://www.atlascopco.com/en-us/compressors/service/parts/compressor-oil/1630083300-rotofoodgrade,60
https://www.atlascopco.com/en-us/compressors/service/parts/compressor-oil/1630114600-rotoinject,60
https://www.atlascopco.com/en-us/compressors/products/air-filters/qd-plus-qdt-oil-vapor-filter,60
https://www.atlascopco.com/en-us/compressors/products/air-filters/sfa-series-silicone-free-filtration,60
https://www.atlascopco.com/en-us/compressors/products/air-filters/water-droplet-filtration,60
https://www.atlascopco.com/en-us/compressors/products/air-dryers/refrigerant-air-dryers/fx-industrial,60
https://www.atlascopco.com/en-us/compressors/products/air-filters/coalescing,60
https://www.atlascopco.com/en-us/compressors/products/air-filters/dd-pd-plus,60
https://www.atlascopco.com/en-us/compressors/products/air-filters/ddp-pdp-dust-filtration,60
https://www.atlascopco.com/en-us/compressors/products/air-filters/high-pressure-filtration-h-series,60
https://www.atlascopco.com/en-us/compressors/products/air-dryers/membrane-dryers/sdm,60
https://www.atlascopco.com/en-us/compressors/products/air-dryers/refrigerant-air-dryers,60
https://www.atlascopco.com/en-us/compressors/products/air-dryers/refrigerant-air-dryers/f-series,60
https://www.atlascopco.com/en-us/compressors/products/air-dryers/refrigerant-air-dryers/fd,60
https://www.atlascopco.com/en-us/compressors/products/air-dryers/refrigerant-air-dryers/fd-plus-dryers,60
https://www.atlascopco.com/en-us/compressors/products/air-dryers/refrigerant-air-dryers/fd-refrigerated-air-dryers,60
https://www.atlascopco.com/en-us/compressors/products/air-dryers/refrigerant-air-dryers/fd-vsd-variable-speed-drive,60
https://www.atlascopco.com/en-us/compressors/variable-speed-compressors/vsd-fact-checks/vsds-are-the-best-air-compressor,60
https://www.atlascopco.com/en-us/compressors/wiki/compressed-air-articles/absorption-adsorption,60
https://www.atlascopco.com/en-us/compressors/wiki/compressed-air-articles/advanced-cement-co2-capture-solutions-for-sustainable-production,60
https://www.atlascopco.com/en-us/compressors/wiki/compressed-air-articles/aftercooler,60
https://www.atlascopco.com/en-us/compressors/products/air-dryers/desiccant-air-dryers/carbon-dioxide-co2-removal-unit,60
https://www.atlascopco.com/en-us/compressors/wiki/compressed-air-articles/psig-psia-psi-meaning,60
https://www.atlascopco.com/en-us/compressors/wiki/compressed-air-articles/r454c-refrigerant,60
https://www.atlascopco.com/en-us/compressors/wiki/compressed-air-articles/reducing-cement-co2-emissions-to-meet-the-paris-agreement,60
https://www.atlascopco.com/en-us/compressors/wiki/compressed-air-articles/what-is-sound,60
https://www.atlascopco.com/en-us/compressors/wiki/compressed-air-articles/what-is-waste-heat,60
https://www.atlascopco.com/en-us/compressors/contact-number/air-compressor-service-normal-illinois,60
https://www.atlascopco.com/en-us/compressors/wiki/compressed-air-articles/mobile-compressors,60
https://www.atlascopco.com/en-us/compressors/wiki/compressed-air-articles/moisture-trap,60
https://www.atlascopco.com/en-us/compressors/wiki/compressed-air-articles/other-compressors,60
https://www.atlascopco.com/en-us/compressors/wiki/compressed-air-articles/overcompression,60
https://www.atlascopco.com/en-us/compressors/wiki/compressed-air-articles/physics-matter,60
https://www.atlascopco.com/en-us/compressors/wiki/compressed-air-articles/physics-physicalunits,60
https://www.atlascopco.com/en-us/compressors/wiki/compressed-air-articles/physics-physicalunits2,60
https://www.atlascopco.com/en-us/compressors/wiki/compressed-air-articles/physics-thermodynamics-introduction,60
https://www.atlascopco.com/en-us/compressors/news-and-stories/fritolay-wwt-succes-story,60
https://www.atlascopco.com/en-us/compressors/wiki/compressed-air-articles/introduction-to-electricity,60
https://www.atlascopco.com/en-us/compressors/wiki/compressed-air-articles/lithium-battery-production-process,60
https://www.atlascopco.com/en-us/compressors/wiki/compressed-air-articles/membrane-dryers,60
https://www.atlascopco.com/en-us/compressors/wiki/compressed-air-articles/refrigerant-dryer,60
https://www.atlascopco.com/en-us/compressors/wiki/compressed-air-articles/removing-contaminants-from-air,60
https://www.atlascopco.com/en-us/compressors/wiki/compressed-air-articles/rotary-screw-compressor,60
https://www.atlascopco.com/en-us/compressors/wiki/compressed-air-articles/rotary-screw-compressor-components,60
https://www.atlascopco.com/en-us/compressors/wiki/compressed-air-articles/si-system,60
https://www.atlascopco.com/en-us/compressors/wiki/compressed-air-articles/sizing-an-air-compressor,60
https://www.atlascopco.com/en-us/compressors/wiki/compressed-air-articles/standards-and-regulations,60
https://www.atlascopco.com/en-us/compressors/guides-and-ebooks/10-year-compressed-air-system-check,60
https://www.atlascopco.com/en-us/compressors/guides-and-ebooks/application-ebooks,60
https://www.atlascopco.com/en-us/compressors/contact-number/air-compressor-service-peabody-massachusetts,60
https://www.atlascopco.com/en-us/compressors/contact-number/air-compressor-service-washington-dc,60
https://www.atlascopco.com/en-us/compressors/customerbenefit/class-0-iso-8573-1/class0faq,60
https://www.atlascopco.com/en-us/compressors/guides-and-ebooks/application-ebooks/biogas-production,59
https://www.atlascopco.com/en-us/compressors/genuine-compressor-spare-parts,59
https://www.atlascopco.com/en-us/compressors/guides-and-ebooks,59
https://www.atlascopco.com/en-us/compressors/guides-and-ebooks/application-ebooks/ebook-laser-cutting,59
https://www.atlascopco.com/en-us/compressors/guides-and-ebooks/application-ebooks/ev-battery-production,59
https://www.atlascopco.com/en-us/compressors/guides-and-ebooks/aircube-ebook,59
https://www.atlascopco.com/en-us/compressors/guides-and-ebooks/ebook-air-filters,59
https://www.atlascopco.com/en-us/compressors/guides-and-ebooks/digital-transformation-ebook,59
https://www.atlascopco.com/en-us/compressors/guides-and-ebooks/application-ebooks/microbreweries,59
https://www.atlascopco.com/en-us/compressors/guides-and-ebooks/application-ebooks/hydrogen-fuel-stations,59
https://www.atlascopco.com/en-us/compressors/guides-and-ebooks/application-ebooks/food-and-beverage-ebook,59
https://www.atlascopco.com/en-us/compressors/guides-and-ebooks/high-pressure-ebook,59
https://www.atlascopco.com/en-us/compressors/guides-and-ebooks/smart-checklist,59
https://www.atlascopco.com/en-us/compressors/guides-and-ebooks/whitepaper-air-dryers,59
https://www.atlascopco.com/en-us/compressors/locate-us/air-compressor-location-macon-georgia,59
https://www.atlascopco.com/en-us/compressors/locate-us/air-compressor-location-omaha-nebraska,59
https://www.atlascopco.com/en-us/compressors/guides-and-ebooks/ebook-compressor-comparison,59
https://www.atlascopco.com/en-us/compressors/guides-and-ebooks/ebook-connectivity,59
https://www.atlascopco.com/en-us/compressors/guides-and-ebooks/ebook-dryers,59
https://www.atlascopco.com/en-us/compressors/guides-and-ebooks/ebook-energy-cost-savings,59
https://www.atlascopco.com/en-us/compressors/guides-and-ebooks/ebook-rotary-screw-compressors,59
https://www.atlascopco.com/en-us/compressors/guides-and-ebooks/ebook-understanding-compressor-system,59
https://www.atlascopco.com/en-us/compressors/guides-and-ebooks/ebook-vsd-compressors,59
https://www.atlascopco.com/en-us/compressors/guides-and-ebooks/ga-flx-dual-speed-compressor-complete-guide,59
https://www.atlascopco.com/en-us/compressors/guides-and-ebooks/guide-air-compressors,59
https://www.atlascopco.com/en-us/compressors/guides-and-ebooks/guide-compressor-selection,59
https://www.atlascopco.com/en-us/compressors/guides-and-ebooks/guide-gas-generation,59
https://www.atlascopco.com/en-us/compressors/products/air-dryers/desiccant-air-dryers/xdg-desiccant-tower-dryers,59
https://www.atlascopco.com/en-us/compressors/products/air-dryers/membrane-dryers,59
https://www.atlascopco.com/en-us/compressors/products/air-dryers/membrane-dryers/sdr-railway,59
https://www.atlascopco.com/en-us/compressors/products/air-filters/bap-plus-breathing-air-purifier,59
https://www.atlascopco.com/en-us/compressors/products/air-filters/process-air-and-gas-filters,59
https://www.atlascopco.com/en-us/compressors/augmented-reality-with-aircube,59
https://www.atlascopco.com/en-us/compressors/air-compressor-data,59
https://www.atlascopco.com/en-us/compressors/products/air-dryers/desiccant-air-dryers/mdg-md-nd-rotary-drum-dryers,59
https://www.atlascopco.com/en-us/compressors/products/air-filters/process-air-and-gas-filters/dfp-plus-pfp-plus-filter,59
https://www.atlascopco.com/en-us/compressors/products/air-filters/process-air-and-gas-filters/df-plus-filter,59
https://www.atlascopco.com/en-us/compressors/products/air-filters/process-air-and-gas-filters/mfs-plus-filter,59
https://www.atlascopco.com/en-us/compressors/products/nitrogen-generators/lc-laser-cutting-range/lc-guard,59
https://www.atlascopco.com/en-us/compressors/products/mobility-compressors/sfr,59
https://www.atlascopco.com/en-us/compressors/products/air-filters/process-air-and-gas-filters/qf-plus-filter,59
https://www.atlascopco.com/en-us/compressors/products/air-filters/process-air-and-gas-filters/process-filtration-housing,59
https://www.atlascopco.com/en-us/compressors/products/air-filters/process-air-and-gas-filters/pfs-plus-filter,59
https://www.atlascopco.com/en-us/compressors/guides-and-ebooks/ebook-nitrogen,59
https://www.atlascopco.com/en-us/compressors/guides-and-ebooks/ebook-innovation,59
https://www.atlascopco.com/en-us/compressors/products/air-compressor/oil-free-air-compressors/high-pressure-reciprocating-air-compressor-p,59
https://www.atlascopco.com/en-us/compressors/products/process-filtration/housings/industrial-housings,59
https://www.atlascopco.com/en-us/compressors/products/processairgasequipment/centrifugal-compressors/compander,59
https://www.atlascopco.com/en-us/compressors/products/nitrogen-generators/lc-laser-cutting-range/lc-mix,59
https://www.atlascopco.com/en-us/compressors/products/nitrogen-generators/lc-laser-cutting-range/lc-n2-13-50,59
https://www.atlascopco.com/en-us/compressors/service/parts/airnet-piping,59
https://www.atlascopco.com/en-us/compressors/service/parts/straightflo-valves,59
https://www.atlascopco.com/en-us/compressors/smart-factory/smartlink-detects,59
https://www.atlascopco.com/en-us/compressors/smart-factory/smartlink-prevents,59
https://www.atlascopco.com/en-us/compressors/smart-factory/smartlink-saves,59
https://www.atlascopco.com/en-us/compressors/variable-speed-compressors/selecting-the-right-size,59
https://www.atlascopco.com/en-us/compressors/variable-speed-compressors/vsd-fact-checks,59
https://www.atlascopco.com/en-us/compressors/variable-speed-compressors/vsd-fact-checks/vsd-compressor-humidity-fact-check,59
https://www.atlascopco.com/en-us/compressors/variable-speed-compressors/vsd-fact-checks/vsd-efficiency-any-scale,59
https://www.atlascopco.com/en-us/compressors/products/compressed-air-ancillaries/air-compressor-aftercooler-hd-and-td,59
https://www.atlascopco.com/en-us/compressors/products/air-compressor/oil-free-air-compressors/lz-premium,59
https://www.atlascopco.com/en-us/compressors/products/air-compressor/oil-free-air-compressors/sf-and-sf-plus,59
https://www.atlascopco.com/en-us/compressors/products/air-compressor/oil-free-air-compressors/two-stage-centrifugal-compressor-zb2-vsd-plus,59
https://www.atlascopco.com/en-us/compressors/products/air-compressor/rotary-screw-compressor/ga-xtreme,59
https://www.atlascopco.com/en-us/compressors/products/air-compressor/rotary-screw-compressor/ls-lp-cast-iron,59
https://www.atlascopco.com/en-us/compressors/products/air-dryers/desiccant-air-dryers,59
https://www.atlascopco.com/en-us/compressors/products/air-dryers/desiccant-air-dryers/ad-bd-cd,59
https://www.atlascopco.com/en-us/compressors/products/processairgasequipment/centrifugal-compressors/poly-block-compressor,59
https://www.atlascopco.com/en-us/compressors/products/processairgasequipment/centrifugal-compressors/turbo-block-compressor,59
https://www.atlascopco.com/en-us/compressors/products/mobility-compressors/lfpr-lfxr-pantograph,59
https://www.atlascopco.com/en-us/compressors/products/marine-compressors,59
https://www.atlascopco.com/en-us/compressors/products/compressed-air-ancillaries/air-receivers/hta-high-pressure,59
https://www.atlascopco.com/en-us/compressors/products/condensate-treatment,59
https://www.atlascopco.com/en-us/compressors/products/gas-compressors/gg-series-oil-lubricated-gas-screw-compressor-for-methane,59
https://www.atlascopco.com/en-us/compressors/service/air-compressor-training,59
https://www.atlascopco.com/en-us/compressors/guides-and-ebooks/ebook-nitrogen-generation,59
https://www.atlascopco.com/en-us/compressors/guides-and-ebooks/ebook-green-production,59
https://www.atlascopco.com/en-us/compressors/products/air-blowers/single-stage-centrifugal-blower-zha,59
https://www.atlascopco.com/en-us/compressors/pro-10-warranty,59
https://www.atlascopco.com/en-us/compressors/products/oil-free-air-and-nitrogen-boosters/oxygen-booster-compressor-ogb,59
https://www.atlascopco.com/en-us/compressors/products/processairgasequipment/centrifugal-compressors/centrifigual-compander,59
https://www.atlascopco.com/en-us/compressors/products/mobility-compressors/ler-ltr-lfr-piston-railway,59
https://www.atlascopco.com/en-us/compressors/products/mobility-compressors/gar-5-37,59
https://www.atlascopco.com/en-us/compressors/products/oil-free-air-and-nitrogen-boosters/lb-300-air-nitrogen-booster,59
https://www.atlascopco.com/en-us/compressors/products/oil-free-air-and-nitrogen-boosters/lfb-40-air-nitrogen-oil-free-booster,59
https://www.atlascopco.com/en-us/compressors/products/oil-free-air-and-nitrogen-boosters/lfb-high-pressure-oil-free-piston-booster,59
https://www.atlascopco.com/en-us/compressors/products/nitrogen-generators/ngm-plus-7-70,59
https://www.atlascopco.com/en-us/compressors/products/oxygen-generators/ogv-vsa-oxygen-generators,59
https://www.atlascopco.com/en-us/compressors/products/oxygen-generators/pdp-plus-o2-3-670,59
https://www.atlascopco.com/en-us/compressors/products/oxygen-generators,59
https://www.atlascopco.com/en-us/compressors/wiki/compressed-air-articles/dimensioning-compressor-installations-at-high-altitudes,58
https://www.atlascopco.com/en-us/compressors/gap-campaign/cut-the-carbon/hydrogen-solutions,5
https://www.atlascopco.com/en-us/compressors/service/aftermarket-turbomachinery,3
https://www.atlascopco.com/en-us/compressors/gap-campaign/cut-the-carbon/revamp-and-upgrades,3
https://www.atlascopco.com/en-us/compressors/gap-campaign/cut-the-carbon/carbon-solutions,2
https://www.atlascopco.com/en-us/compressors/gap-campaign/cut-the-carbon,2
https://www.atlascopco.com/en-us/compressors/gap-campaign/cut-the-carbon/gas-connectivity,2
https://www.atlascopco.com/en-us/compressors/products/processairgasequipment/centrifugalexpanders,2
https://www.atlascopco.com/en-us/compressors/products/processairgasequipment/centrifugalexpanders/gap-expander-compressors,2
https://www.atlascopco.com/en-us/compressors/service/aftermarket-turbomachinery/am-redesign-upgrade,2
https://www.atlascopco.com/en-us/compressors/products/processairgasequipment/screw-compressors/gg-screwcompressors,2
https://www.atlascopco.com/en-us/compressors/products/processairgasequipment/screw-compressors,2
https://www.atlascopco.com/en-us/compressors/service/aftermarket-turbomachinery/preventative-maintenance,2
https://www.atlascopco.com/en-us/compressors/service/aftermarket-turbomachinery/genuine-spare-parts,2
https://www.atlascopco.com/en-us/compressors/service/aftermarket-turbomachinery/turbo-oil-plus,2
https://www.atlascopco.com/en-us/compressors/products/processairgasequipment,2
https://www.atlascopco.com/en-us/compressors/products/processairgasequipment/centrifugal-compressors,2
